id,tournament_id,stadie_id,match_order,match_ret,winner_code,winner_name,winner_citizenship,winner_age,loser_code,loser_name,loser_citizenship,loser_age,winner_seed,loser_seed,match_score,winner_sets_won,loser_sets_won,winner_games_won,loser_games_won,winner_tiebreaks_won,loser_tiebreaks_won,stats_url,match_duration,win_aces,win_double_faults,win_first_serves_in,win_first_serves_total,win_first_serve_points_won,win_first_serve_points_total,win_second_serve_points_won,win_second_serve_points_total,win_break_points_saved,win_break_points_serve_total,win_service_points_won,win_service_points_total,win_first_serve_return_won,win_first_serve_return_total,win_second_serve_return_won,win_second_serve_return_total,win_break_points_converted,win_break_points_return_total,win_service_games_played,win_return_games_played,win_return_points_won,win_return_points_total,win_total_points_won,win_total_points_total,win_winners,win_forced_errors,win_unforced_errors,win_net_points_won,win_net_points_total,win_fastest_first_serves_kmh,win_average_first_serves_kmh,win_fastest_second_serve_kmh,win_average_second_serve_kmh,los_aces,los_double_faults,los_first_serves_in,los_first_serves_total,los_first_serve_points_won,los_first_serve_points_total,los_second_serve_points_won,los_second_serve_points_total,los_break_points_saved,los_break_points_serve_total,los_service_points_won,los_service_points_total,los_first_serve_return_won,los_first_serve_return_total,los_second_serve_return_won,los_second_serve_return_total,los_break_points_converted,los_break_points_return_total,los_service_games_played,los_return_games_played,los_return_points_won,los_return_points_total,los_total_points_won,los_total_points_total,los_winners,los_forced_errors,los_unforced_errors,los_net_points_won,los_net_points_total,los_fastest_first_serves_kmh,los_average_first_serves_kmh,los_fastest_second_serve_kmh,los_average_second_serve_kmh
2003-M-DC-2003-G3-EA-A-A-M-HUN-EST-01-b649-k447-RR,2003-M-DC-2003-G3-EA-A-A-M-HUN-EST-01,RR,2,,b649,Kornel Bardoczky,HUN,24.577,k447,Mait Kunnap,EST,20.362,,,63 61,2,0,12,4,0,0,https://www.daviscup.com/cup/livescores/daviscup/M-DC-2003-G3-EA-A-A-M-HUN-EST-01_2.json,,,,,,,,,,,,,,,,,,,,,,,,,,,,,,,,,,,,,,,,,,,,,,,,,,,,,,,,,,,,,,,,,,,
2003-M-DC-2003-G3-EA-A-A-M-HUN-MAD-01-k299-rb79-RR,2003-M-DC-2003-G3-EA-A-A-M-HUN-MAD-01,RR,1,,k299,Gergely Kisgyorgy,HUN,26.905,rb79,Lalaina Ratsimbazafy,MAD,29.44,,,62 62,2,0,12,4,0,0,https://www.daviscup.com/cup/livescores/daviscup/M-DC-2003-G3-EA-A-A-M-HUN-MAD-01_1.json,,,,,,,,,,,,,,,,,,,,,,,,,,,,,,,,,,,,,,,,,,,,,,,,,,,,,,,,,,,,,,,,,,,
2003-M-DC-2003-G4-EA-A-B-M-BEN-UGA-01-p469-o396-RR,2003-M-DC-2003-G4-EA-A-B-M-BEN-UGA-01,RR,1,,p469,Christophe Pognon,BEN,25.317,o396,Patrick Olobo,UGA,18.913,,,61 61,2,0,12,2,0,0,https://www.daviscup.com/cup/livescores/daviscup/M-DC-2003-G4-EA-A-B-M-BEN-UGA-01_1.json,,,,,,,,,,,,,,,,,,,,,,,,,,,,,,,,,,,,,,,,,,,,,,,,,,,,,,,,,,,,,,,,,,,
2003-M-DC-2003-G3-EA-A-PP1-4-HUN-LTU-01-k299-b796-RR,2003-M-DC-2003-G3-EA-A-PP1-4-HUN-LTU-01,RR,1,,k299,Gergely Kisgyorgy,HUN,26.911,b796,Aivaras Balzekas,LTU,20.827,,,62 62,2,0,12,4,0,0,https://www.daviscup.com/cup/livescores/daviscup/M-DC-2003-G3-EA-A-PP1-4-HUN-LTU-01_1.json,,,,,,,,,,,,,,,,,,,,,,,,,,,,,,,,,,,,,,,,,,,,,,,,,,,,,,,,,,,,,,,,,,,
2003-M-DC-2003-G1-AMN-M-BAH-PER-01-h390-m471-RR,2003-M-DC-2003-G1-AMN-M-BAH-PER-01,RR,2,,h390,Luis Horna,PER,22.397,m471,Mark Merklein,BAH,30.61,,,62 61 63,3,0,18,6,0,0,https://www.daviscup.com/cup/livescores/daviscup/M-DC-2003-G1-AMN-M-BAH-PER-01_2.json,,,,,,,,,,,,,,,,,,,,,,,,,,,,,,,,,,,,,,,,,,,,,,,,,,,,,,,,,,,,,,,,,,,
2003-M-DC-2003-G1-AMN-M-BAH-PER-01-m783-k171-RR,2003-M-DC-2003-G1-AMN-M-BAH-PER-01,RR,1,(RET),m783,Ivan Miranda,PER,22.913,k171,Mark Knowles,BAH,31.424,,,64 36 61 Retired,,,,,,,https://www.daviscup.com/cup/livescores/daviscup/M-DC-2003-G1-AMN-M-BAH-PER-01_1.json,,,,,,,,,,,,,,,,,,,,,,,,,,,,,,,,,,,,,,,,,,,,,,,,,,,,,,,,,,,,,,,,,,,
2003-M-DC-2003-G1-AMN-M-BAH-PER-01-m936-r592-RR,2003-M-DC-2003-G1-AMN-M-BAH-PER-01,RR,4,,m936,Mario Monroy,PER,20.709,r592,Marvin Rolle,BAH,19.228,,,64 46 75,2,1,17,15,0,0,https://www.daviscup.com/cup/livescores/daviscup/M-DC-2003-G1-AMN-M-BAH-PER-01_4.json,,,,,,,,,,,,,,,,,,,,,,,,,,,,,,,,,,,,,,,,,,,,,,,,,,,,,,,,,,,,,,,,,,,
2003-M-DC-2003-G1-AMN-M-CHI-ECU-01-l290-g375-RR,2003-M-DC-2003-G1-AMN-M-CHI-ECU-01,RR,1,,l290,Nicolas Lapentti,ECU,26.483,g375,Hermes Gamonal,CHI,25.685,,,62 61 76(1),3,0,19,9,1,0,https://www.daviscup.com/cup/livescores/daviscup/M-DC-2003-G1-AMN-M-CHI-ECU-01_1.json,,,,,,,,,,,,,,,,,,,,,,,,,,,,,,,,,,,,,,,,,,,,,,,,,,,,,,,,,,,,,,,,,,,
2003-M-DC-2003-G1-AMN-M-CHI-ECU-01-l430-g375-RR,2003-M-DC-2003-G1-AMN-M-CHI-ECU-01,RR,5,,l430,Giovanni Lapentti,ECU,20.034,g375,Hermes Gamonal,CHI,25.685,,,76(4) 64 67(4) 63,3,1,25,20,1,1,https://www.daviscup.com/cup/livescores/daviscup/M-DC-2003-G1-AMN-M-CHI-ECU-01_5.json,,,,,,,,,,,,,,,,,,,,,,,,,,,,,,,,,,,,,,,,,,,,,,,,,,,,,,,,,,,,,,,,,,,
2003-M-DC-2003-G1-AMN-M-CHI-ECU-01-l430-r286-RR,2003-M-DC-2003-G1-AMN-M-CHI-ECU-01,RR,2,,l430,Giovanni Lapentti,ECU,20.034,r286,Marcelo Rios,CHI,27.115,,,63 76(5) 63,3,0,19,12,1,0,https://www.daviscup.com/cup/livescores/daviscup/M-DC-2003-G1-AMN-M-CHI-ECU-01_2.json,,,,,,,,,,,,,,,,,,,,,,,,,,,,,,,,,,,,,,,,,,,,,,,,,,,,,,,,,,,,,,,,,,,
2003-M-DC-2003-G1-AMN-M-CHI-ECU-01-r286-l290-RR,2003-M-DC-2003-G1-AMN-M-CHI-ECU-01,RR,4,,r286,Marcelo Rios,CHI,27.115,l290,Nicolas Lapentti,ECU,26.483,,,36 64 76(0) 76(5),3,1,23,22,2,0,https://www.daviscup.com/cup/livescores/daviscup/M-DC-2003-G1-AMN-M-CHI-ECU-01_4.json,,,,,,,,,,,,,,,,,,,,,,,,,,,,,,,,,,,,,,,,,,,,,,,,,,,,,,,,,,,,,,,,,,,
2003-M-DC-2003-G1-AO-M-INA-UZB-01-k308-h436-RR,2003-M-DC-2003-G1-AO-M-INA-UZB-01,RR,4,,k308,Vadim Kutsenko,RUS,25.892,h436,Peter Handoyo,INA,23.486,,,46 64 61 60,3,1,22,11,0,0,https://www.daviscup.com/cup/livescores/daviscup/M-DC-2003-G1-AO-M-INA-UZB-01_4.json,,,,,,,,,,,,,,,,,,,,,,,,,,,,,,,,,,,,,,,,,,,,,,,,,,,,,,,,,,,,,,,,,,,
2003-M-DC-2003-G1-AO-M-INA-UZB-01-o127-h436-RR,2003-M-DC-2003-G1-AO-M-INA-UZB-01,RR,1,,o127,Oleg Ogorodov,UZB,30.559,h436,Peter Handoyo,INA,23.486,,,76(6) 57 64 57 63,3,2,29,27,1,0,https://www.daviscup.com/cup/livescores/daviscup/M-DC-2003-G1-AO-M-INA-UZB-01_1.json,,,,,,,,,,,,,,,,,,,,,,,,,,,,,,,,,,,,,,,,,,,,,,,,,,,,,,,,,,,,,,,,,,,
2003-M-DC-2003-G1-AO-M-IND-JPN-01-b757-k443-RR,2003-M-DC-2003-G1-AO-M-IND-JPN-01,RR,4,,b757,Rohan Bopanna,IND,22.924,k443,Jun Kato,JPN,22.284,,,76(5) 64 64,3,0,19,14,1,0,https://www.daviscup.com/cup/livescores/daviscup/M-DC-2003-G1-AO-M-IND-JPN-01_4.json,,,,,,,,,,,,,,,,,,,,,,,,,,,,,,,,,,,,,,,,,,,,,,,,,,,,,,,,,,,,,,,,,,,
2003-M-DC-2003-G1-AO-M-IND-JPN-01-m531-b757-RR,2003-M-DC-2003-G1-AO-M-IND-JPN-01,RR,1,,m531,Gouichi Motomura,JPN,29.118,b757,Rohan Bopanna,IND,22.924,,,64 67(4) 76(4) 63,3,1,25,20,1,1,https://www.daviscup.com/cup/livescores/daviscup/M-DC-2003-G1-AO-M-IND-JPN-01_1.json,,,,,,,,,,,,,,,,,,,,,,,,,,,,,,,,,,,,,,,,,,,,,,,,,,,,,,,,,,,,,,,,,,,
2003-M-DC-2003-G1-AO-M-IND-JPN-01-p269-m531-RR,2003-M-DC-2003-G1-AO-M-IND-JPN-01,RR,5,,p269,Leander Paes,IND,29.639,m531,Gouichi Motomura,JPN,29.118,,,16 63 64,2,1,13,13,0,0,https://www.daviscup.com/cup/livescores/daviscup/M-DC-2003-G1-AO-M-IND-JPN-01_5.json,,,,,,,,,,,,,,,,,,,,,,,,,,,,,,,,,,,,,,,,,,,,,,,,,,,,,,,,,,,,,,,,,,,
2003-M-DC-2003-G1-AO-M-IND-JPN-01-p269-s550-RR,2003-M-DC-2003-G1-AO-M-IND-JPN-01,RR,2,,p269,Leander Paes,IND,29.639,s550,Takao Suzuki,JPN,26.381,,,63 76(3) 64,3,0,19,13,1,0,https://www.daviscup.com/cup/livescores/daviscup/M-DC-2003-G1-AO-M-IND-JPN-01_2.json,,,,,,,,,,,,,,,,,,,,,,,,,,,,,,,,,,,,,,,,,,,,,,,,,,,,,,,,,,,,,,,,,,,
2003-M-DC-2003-G1-AO-M-KOR-THA-01-s675-c570-RR,2003-M-DC-2003-G1-AO-M-KOR-THA-01,RR,1,,s675,Paradorn Srichaphan,THA,23.647,c570,Hee-Seok Chung,KOR,26.024,,,62 62 63,3,0,18,7,0,0,https://www.daviscup.com/cup/livescores/daviscup/M-DC-2003-G1-AO-M-KOR-THA-01_1.json,,,,,,,,,,,,,,,,,,,,,,,,,,,,,,,,,,,,,,,,,,,,,,,,,,,,,,,,,,,,,,,,,,,
2003-M-DC-2003-G1-AO-M-KOR-THA-01-s675-k314-RR,2003-M-DC-2003-G1-AO-M-KOR-THA-01,RR,4,,s675,Paradorn Srichaphan,THA,23.647,k314,Dong-Hyun Kim,KOR,24.33,,,63 64 76(3),3,0,19,13,1,0,https://www.daviscup.com/cup/livescores/daviscup/M-DC-2003-G1-AO-M-KOR-THA-01_4.json,,,,,,,,,,,,,,,,,,,,,,,,,,,,,,,,,,,,,,,,,,,,,,,,,,,,,,,,,,,,,,,,,,,
2003-M-DC-2003-G1-AO-M-KOR-THA-01-u043-c570-RR,2003-M-DC-2003-G1-AO-M-KOR-THA-01,RR,5,,u043,Danai Udomchoke,THA,21.489,c570,Hee-Seok Chung,KOR,26.024,,,61 63,2,0,12,4,0,0,https://www.daviscup.com/cup/livescores/daviscup/M-DC-2003-G1-AO-M-KOR-THA-01_5.json,,,,,,,,,,,,,,,,,,,,,,,,,,,,,,,,,,,,,,,,,,,,,,,,,,,,,,,,,,,,,,,,,,,
2003-M-DC-2003-G1-AO-M-KOR-THA-01-u043-k314-RR,2003-M-DC-2003-G1-AO-M-KOR-THA-01,RR,2,,u043,Danai Udomchoke,THA,21.489,k314,Dong-Hyun Kim,KOR,24.33,,,63 57 61 62,3,1,23,13,0,0,https://www.daviscup.com/cup/livescores/daviscup/M-DC-2003-G1-AO-M-KOR-THA-01_2.json,,,,,,,,,,,,,,,,,,,,,,,,,,,,,,,,,,,,,,,,,,,,,,,,,,,,,,,,,,,,,,,,,,,
2003-M-DC-2003-G1-AO-M-NZL-PAK-01-n267-k425-RR,2003-M-DC-2003-G1-AO-M-NZL-PAK-01,RR,1,,n267,Mark Nielsen,NZL,25.33,k425,Aqeel Khan,PAK,23.021,,,60 61 62,3,0,18,3,0,0,https://www.daviscup.com/cup/livescores/daviscup/M-DC-2003-G1-AO-M-NZL-PAK-01_1.json,,,,,,,,,,,,,,,,,,,,,,,,,,,,,,,,,,,,,,,,,,,,,,,,,,,,,,,,,,,,,,,,,,,
2003-M-DC-2003-G1-EA-M-AUT-NOR-01-m762-b741-RR,2003-M-DC-2003-G1-EA-M-AUT-NOR-01,RR,1,,m762,Jurgen Melzer,AUT,21.709,b741,Stian Boretti,NOR,21.131,,,62 62 61,3,0,18,5,0,0,https://www.daviscup.com/cup/livescores/daviscup/M-DC-2003-G1-EA-M-AUT-NOR-01_1.json,,,,,,,,,,,,,,,,,,,,,,,,,,,,,,,,,,,,,,,,,,,,,,,,,,,,,,,,,,,,,,,,,,,
2003-M-DC-2003-G1-EA-M-BLR-ISR-01-m595-l336-RR,2003-M-DC-2003-G1-EA-M-BLR-ISR-01,RR,1,,m595,Max Mirnyi,BLR,25.586,l336,Harel Levy,ISR,24.505,,,61 67(2) 63 76(6),3,1,25,17,1,1,https://www.daviscup.com/cup/livescores/daviscup/M-DC-2003-G1-EA-M-BLR-ISR-01_1.json,,,,,,,,,,,,,,,,,,,,,,,,,,,,,,,,,,,,,,,,,,,,,,,,,,,,,,,,,,,,,,,,,,,
2003-M-DC-2003-G1-EA-M-BLR-ISR-01-r399-s674-RR,2003-M-DC-2003-G1-EA-M-BLR-ISR-01,RR,4,(RET),r399,Andy Ram,ISR,22.825,s674,Alexander Shvec,BLR,30.607,,,61 32 Retired,,,,,,,https://www.daviscup.com/cup/livescores/daviscup/M-DC-2003-G1-EA-M-BLR-ISR-01_4.json,,,,,,,,,,,,,,,,,,,,,,,,,,,,,,,,,,,,,,,,,,,,,,,,,,,,,,,,,,,,,,,,,,,
2003-M-DC-2003-G1-EA-M-BLR-ISR-01-v211-o133-RR,2003-M-DC-2003-G1-EA-M-BLR-ISR-01,RR,2,,v211,Vladimir Voltchkov,BLR,24.833,o133,Noam Okun,ISR,24.809,,,62 76(5) 63,3,0,19,11,1,0,https://www.daviscup.com/cup/livescores/daviscup/M-DC-2003-G1-EA-M-BLR-ISR-01_2.json,,,,,,,,,,,,,,,,,,,,,,,,,,,,,,,,,,,,,,,,,,,,,,,,,,,,,,,,,,,,,,,,,,,
2003-M-DC-2003-G2-AMN-M-DOM-URU-01-e224-v403-RR,2003-M-DC-2003-G2-AMN-M-DOM-URU-01,RR,2,,e224,Victor Estrella Burgos,DOM,22.513,v403,Martin Vilarrubi,URU,18.43,,,57 64 64 64,3,1,23,19,0,0,https://www.daviscup.com/cup/livescores/daviscup/M-DC-2003-G2-AMN-M-DOM-URU-01_2.json,,,,,,,,,,,,,,,,,,,,,,,,,,,,,,,,,,,,,,,,,,,,,,,,,,,,,,,,,,,,,,,,,,,
2003-M-DC-2003-G2-AMN-M-DOM-URU-01-g166-f392-RR,2003-M-DC-2003-G2-AMN-M-DOM-URU-01,RR,1,,g166,Jhonson Garcia,DOM,22.349,f392,Marcel Felder,URU,18.577,,,63 76(3) 75,3,0,20,14,1,0,https://www.daviscup.com/cup/livescores/daviscup/M-DC-2003-G2-AMN-M-DOM-URU-01_1.json,,,,,,,,,,,,,,,,,,,,,,,,,,,,,,,,,,,,,,,,,,,,,,,,,,,,,,,,,,,,,,,,,,,
2003-M-DC-2003-G2-AMN-M-DOM-URU-01-g166-v403-RR,2003-M-DC-2003-G2-AMN-M-DOM-URU-01,RR,5,,g166,Jhonson Garcia,DOM,22.349,v403,Martin Vilarrubi,URU,18.43,,,62 64,2,0,12,6,0,0,https://www.daviscup.com/cup/livescores/daviscup/M-DC-2003-G2-AMN-M-DOM-URU-01_5.json,,,,,,,,,,,,,,,,,,,,,,,,,,,,,,,,,,,,,,,,,,,,,,,,,,,,,,,,,,,,,,,,,,,
2003-M-DC-2003-G2-AMN-M-PAR-HAI-01-c468-l542-RR,2003-M-DC-2003-G2-AMN-M-PAR-HAI-01,RR,2,,c468,Paulo Carvallo,PAR,26.575,l542,Iphton Louis,HAI,27.776,,,60 67(7) 64 26 61,3,2,26,18,0,1,https://www.daviscup.com/cup/livescores/daviscup/M-DC-2003-G2-AMN-M-PAR-HAI-01_2.json,,,,,,,,,,,,,,,,,,,,,,,,,,,,,,,,,,,,,,,,,,,,,,,,,,,,,,,,,,,,,,,,,,,
2003-M-DC-2003-G2-AO-M-KAZ-TPE-01-k407-l575-RR,2003-M-DC-2003-G2-AO-M-KAZ-TPE-01,RR,4,,k407,Alexey Kedryuk,KAZ,22.497,l575,Yen-Hsun Lu,TPE,19.481,,,63 61,2,0,12,4,0,0,https://www.daviscup.com/cup/livescores/daviscup/M-DC-2003-G2-AO-M-KAZ-TPE-01_4.json,,,,,,,,,,,,,,,,,,,,,,,,,,,,,,,,,,,,,,,,,,,,,,,,,,,,,,,,,,,,,,,,,,,
2003-M-DC-2003-G2-AO-M-KAZ-TPE-01-l575-d572-RR,2003-M-DC-2003-G2-AO-M-KAZ-TPE-01,RR,1,,l575,Yen-Hsun Lu,TPE,19.481,d572,Dias Doskarayev,KAZ,18.827,,,75 60 75,3,0,20,10,0,0,https://www.daviscup.com/cup/livescores/daviscup/M-DC-2003-G2-AO-M-KAZ-TPE-01_1.json,,,,,,,,,,,,,,,,,,,,,,,,,,,,,,,,,,,,,,,,,,,,,,,,,,,,,,,,,,,,,,,,,,,
2003-M-DC-2003-G2-AO-M-KAZ-TPE-01-w373-k407-RR,2003-M-DC-2003-G2-AO-M-KAZ-TPE-01,RR,2,,w373,Jimmy Wang,TPE,17.997,k407,Alexey Kedryuk,KAZ,22.497,,,64 61 62,3,0,18,7,0,0,https://www.daviscup.com/cup/livescores/daviscup/M-DC-2003-G2-AO-M-KAZ-TPE-01_2.json,,,,,,,,,,,,,,,,,,,,,,,,,,,,,,,,,,,,,,,,,,,,,,,,,,,,,,,,,,,,,,,,,,,
2003-M-DC-2003-G2-AO-M-LBN-IRI-01-sb57-z079-RR,2003-M-DC-2003-G2-AO-M-LBN-IRI-01,RR,4,,sb57,Anoosha Shahgholi,IRI,21.241,z079,Jicham Zaatini,LBN,26.639,,,16 64 63 36 61,3,2,22,20,0,0,https://www.daviscup.com/cup/livescores/daviscup/M-DC-2003-G2-AO-M-LBN-IRI-01_4.json,,,,,,,,,,,,,,,,,,,,,,,,,,,,,,,,,,,,,,,,,,,,,,,,,,,,,,,,,,,,,,,,,,,
2003-M-DC-2003-G2-AO-M-LBN-IRI-01-sd75-z079-RR,2003-M-DC-2003-G2-AO-M-LBN-IRI-01,RR,1,,sd75,Ashkan Shokoofi,IRI,21.577,z079,Jicham Zaatini,LBN,26.639,,,36 63 64 61,3,1,21,14,0,0,https://www.daviscup.com/cup/livescores/daviscup/M-DC-2003-G2-AO-M-LBN-IRI-01_1.json,,,,,,,,,,,,,,,,,,,,,,,,,,,,,,,,,,,,,,,,,,,,,,,,,,,,,,,,,,,,,,,,,,,
2003-M-DC-2003-G3-EA-A-PP1-4-HUN-ALG-01-o207-f338-RR,2003-M-DC-2003-G3-EA-A-PP1-4-HUN-ALG-01,RR,2,,o207,Lamine Ouahab,MAR,18.126,f338,Laszlo Fono,HUN,21.827,,,75 63,2,0,13,8,0,0,https://www.daviscup.com/cup/livescores/daviscup/M-DC-2003-G3-EA-A-PP1-4-HUN-ALG-01_2.json,,,,,,,,,,,,,,,,,,,,,,,,,,,,,,,,,,,,,,,,,,,,,,,,,,,,,,,,,,,,,,,,,,,
2003-M-DC-2003-WG-M-AUS-GBR-01-a202-m480-RR,2003-M-DC-2003-WG-M-AUS-GBR-01,RR,4,,a202,Wayne Arthurs,AUS,31.887,m480,Miles MacLagan,GBR,28.373,,,46 61 64,2,1,16,11,0,0,https://www.daviscup.com/cup/livescores/daviscup/M-DC-2003-WG-M-AUS-GBR-01_4.json,,,,,,,,,,,,,,,,,,,,,,,,,,,,,,,,,,,,,,,,,,,,,,,,,,,,,,,,,,,,,,,,,,,
2003-M-DC-2003-WG-M-AUS-GBR-01-b929-w136-RR,2003-M-DC-2003-WG-M-AUS-GBR-01,RR,5,,b929,Alex Bogdanovic,GBR,18.709,w136,Todd Woodbridge,AUS,31.846,,,62 76(4),2,0,13,8,1,0,https://www.daviscup.com/cup/livescores/daviscup/M-DC-2003-WG-M-AUS-GBR-01_5.json,,,,,,,,,,,,,,,,,,,,,,,,,,,,,,,,,,,,,,,,,,,,,,,,,,,,,,,,,,,,,,,,,,,
2003-M-DC-2003-WG-M-AUS-GBR-01-h432-b929-RR,2003-M-DC-2003-WG-M-AUS-GBR-01,RR,2,,h432,Lleyton Hewitt,AUS,21.954,b929,Alex Bogdanovic,GBR,18.709,,,75 61 62,3,0,19,8,0,0,https://www.daviscup.com/cup/livescores/daviscup/M-DC-2003-WG-M-AUS-GBR-01_2.json,,,,,,,,,,,,,,,,,,,,,,,,,,,,,,,,,,,,,,,,,,,,,,,,,,,,,,,,,,,,,,,,,,,
2003-M-DC-2003-WG-M-AUS-GBR-01-p338-m820-RR,2003-M-DC-2003-WG-M-AUS-GBR-01,RR,1,,p338,Mark Philippoussis,AUS,26.25,m820,Alan Mackin,GBR,21.489,,,63 63 63,3,0,18,9,0,0,https://www.daviscup.com/cup/livescores/daviscup/M-DC-2003-WG-M-AUS-GBR-01_1.json,,,,,,,,,,,,,,,,,,,,,,,,,,,,,,,,,,,,,,,,,,,,,,,,,,,,,,,,,,,,,,,,,,,
2003-M-DC-2003-WG-M-BEL-ESP-01-f316-r336-RR,2003-M-DC-2003-WG-M-BEL-ESP-01,RR,1,,f316,Juan Carlos Ferrero,ESP,22.986,r336,Christophe Rochus,BEL,24.145,,,63 62 75,3,0,19,10,0,0,https://www.daviscup.com/cup/livescores/daviscup/M-DC-2003-WG-M-BEL-ESP-01_1.json,,,,,,,,,,,,,,,,,,,,,,,,,,,,,,,,,,,,,,,,,,,,,,,,,,,,,,,,,,,,,,,,,,,
2003-M-DC-2003-WG-M-BEL-ESP-01-f316-v309-RR,2003-M-DC-2003-WG-M-BEL-ESP-01,RR,4,,f316,Juan Carlos Ferrero,ESP,22.986,v309,Kristof Vliegen,BEL,20.626,,,61 64,2,0,12,5,0,0,https://www.daviscup.com/cup/livescores/daviscup/M-DC-2003-WG-M-BEL-ESP-01_4.json,,,,,,,,,,,,,,,,,,,,,,,,,,,,,,,,,,,,,,,,,,,,,,,,,,,,,,,,,,,,,,,,,,,
2003-M-DC-2003-WG-M-BEL-ESP-01-m605-m680-RR,2003-M-DC-2003-WG-M-BEL-ESP-01,RR,2,,m605,Carlos Moya,ESP,26.446,m680,Xavier Malisse,BEL,22.551,,,76(2) 61 76(5),3,0,20,13,2,0,https://www.daviscup.com/cup/livescores/daviscup/M-DC-2003-WG-M-BEL-ESP-01_2.json,,,,,,,,,,,,,,,,,,,,,,,,,,,,,,,,,,,,,,,,,,,,,,,,,,,,,,,,,,,,,,,,,,,
2003-M-DC-2003-WG-M-BEL-ESP-01-m605-r336-RR,2003-M-DC-2003-WG-M-BEL-ESP-01,RR,5,,m605,Carlos Moya,ESP,26.446,r336,Christophe Rochus,BEL,24.145,,,62 62,2,0,12,4,0,0,https://www.daviscup.com/cup/livescores/daviscup/M-DC-2003-WG-M-BEL-ESP-01_5.json,,,,,,,,,,,,,,,,,,,,,,,,,,,,,,,,,,,,,,,,,,,,,,,,,,,,,,,,,,,,,,,,,,,
2003-M-DC-2003-WG-M-CRO-USA-01-a385-d362-RR,2003-M-DC-2003-WG-M-CRO-USA-01,RR,5,,a385,Mario Ancic,CRO,18.854,d362,Taylor Dent,USA,21.787,,,76(5) 36 76(10),2,1,17,18,2,0,https://www.daviscup.com/cup/livescores/daviscup/M-DC-2003-WG-M-CRO-USA-01_5.json,,,,,,,,,,,,,,,,,,,,,,,,,,,,,,,,,,,,,,,,,,,,,,,,,,,,,,,,,,,,,,,,,,,
2003-M-DC-2003-WG-M-CRO-USA-01-b676-a385-RR,2003-M-DC-2003-WG-M-CRO-USA-01,RR,2,,b676,James Blake,USA,23.11,a385,Mario Ancic,CRO,18.854,,,61 62 76(5),3,0,19,9,1,0,https://www.daviscup.com/cup/livescores/daviscup/M-DC-2003-WG-M-CRO-USA-01_2.json,,,,,,,,,,,,,,,,,,,,,,,,,,,,,,,,,,,,,,,,,,,,,,,,,,,,,,,,,,,,,,,,,,,
2003-M-DC-2003-WG-M-CRO-USA-01-l360-b676-RR,2003-M-DC-2003-WG-M-CRO-USA-01,RR,4,,l360,Ivan Ljubicic,CRO,23.884,b676,James Blake,USA,23.11,,,63 67(5) 64 63,3,1,24,17,0,1,https://www.daviscup.com/cup/livescores/daviscup/M-DC-2003-WG-M-CRO-USA-01_4.json,,,,,,,,,,,,,,,,,,,,,,,,,,,,,,,,,,,,,,,,,,,,,,,,,,,,,,,,,,,,,,,,,,,
2003-M-DC-2003-WG-M-CRO-USA-01-l360-f339-RR,2003-M-DC-2003-WG-M-CRO-USA-01,RR,1,,l360,Ivan Ljubicic,CRO,23.884,f339,Mardy Fish,USA,21.161,,,75 63 64,3,0,19,12,0,0,https://www.daviscup.com/cup/livescores/daviscup/M-DC-2003-WG-M-CRO-USA-01_1.json,,,,,,,,,,,,,,,,,,,,,,,,,,,,,,,,,,,,,,,,,,,,,,,,,,,,,,,,,,,,,,,,,,,
2003-M-DC-2003-WG-M-CZE-RUS-01-d402-s694-RR,2003-M-DC-2003-WG-M-CZE-RUS-01,RR,5,,d402,Nikolay Davydenko,RUS,21.68,s694,Radek Stepanek,CZE,24.196,,,16 76(4) 62 36 60,3,2,23,20,1,0,https://www.daviscup.com/cup/livescores/daviscup/M-DC-2003-WG-M-CZE-RUS-01_5.json,,,,,,,,,,,,,,,,,,,,,,,,,,,,,,,,,,,,,,,,,,,,,,,,,,,,,,,,,,,,,,,,,,,
2003-M-DC-2003-WG-M-CZE-RUS-01-n254-d402-RR,2003-M-DC-2003-WG-M-CZE-RUS-01,RR,1,,n254,Jiri Novak,CZE,27.876,d402,Nikolay Davydenko,RUS,21.68,,,64 46 61 61,3,1,22,12,0,0,https://www.daviscup.com/cup/livescores/daviscup/M-DC-2003-WG-M-CZE-RUS-01_1.json,,,,,,,,,,,,,,,,,,,,,,,,,,,,,,,,,,,,,,,,,,,,,,,,,,,,,,,,,,,,,,,,,,,
2003-M-DC-2003-WG-M-CZE-RUS-01-n254-k267-RR,2003-M-DC-2003-WG-M-CZE-RUS-01,RR,4,,n254,Jiri Novak,CZE,27.876,k267,Yevgeny Kafelnikov,RUS,28.97,,,62 63 76(5),3,0,19,11,1,0,https://www.daviscup.com/cup/livescores/daviscup/M-DC-2003-WG-M-CZE-RUS-01_4.json,,,,,,,,,,,,,,,,,,,,,,,,,,,,,,,,,,,,,,,,,,,,,,,,,,,,,,,,,,,,,,,,,,,
2003-M-DC-2003-WG-M-CZE-RUS-01-y061-s694-RR,2003-M-DC-2003-WG-M-CZE-RUS-01,RR,2,,y061,Mikhail Youzhny,RUS,20.618,s694,Radek Stepanek,CZE,24.196,,,36 76(8) 67(6) 62 63,3,2,28,24,1,1,https://www.daviscup.com/cup/livescores/daviscup/M-DC-2003-WG-M-CZE-RUS-01_2.json,,,,,,,,,,,,,,,,,,,,,,,,,,,,,,,,,,,,,,,,,,,,,,,,,,,,,,,,,,,,,,,,,,,
2003-M-DC-2003-WG-M-FRA-ROU-01-e140-p280-RR,2003-M-DC-2003-WG-M-FRA-ROU-01,RR,2,,e140,Nicolas Escude,FRA,26.844,p280,Andrei Pavel,ROU,29.029,,,76(2) 62 76(5),3,0,20,14,2,0,https://www.daviscup.com/cup/livescores/daviscup/M-DC-2003-WG-M-FRA-ROU-01_2.json,,,,,,,,,,,,,,,,,,,,,,,,,,,,,,,,,,,,,,,,,,,,,,,,,,,,,,,,,,,,,,,,,,,
2003-M-DC-2003-WG-M-FRA-ROU-01-e140-t199-RR,2003-M-DC-2003-WG-M-FRA-ROU-01,RR,5,,e140,Nicolas Escude,FRA,26.844,t199,Gabriel Trifu,ROU,27.814,,,76(3) 46 64,2,1,17,16,1,0,https://www.daviscup.com/cup/livescores/daviscup/M-DC-2003-WG-M-FRA-ROU-01_5.json,,,,,,,,,,,,,,,,,,,,,,,,,,,,,,,,,,,,,,,,,,,,,,,,,,,,,,,,,,,,,,,,,,,
2003-M-DC-2003-WG-M-FRA-ROU-01-g379-v166-RR,2003-M-DC-2003-WG-M-FRA-ROU-01,RR,1,,g379,Sebastien Grosjean,FRA,24.69,v166,Adrian Voinea,ROU,28.502,,,62 63 76(10),3,0,19,11,1,0,https://www.daviscup.com/cup/livescores/daviscup/M-DC-2003-WG-M-FRA-ROU-01_1.json,,,,,,,,,,,,,,,,,,,,,,,,,,,,,,,,,,,,,,,,,,,,,,,,,,,,,,,,,,,,,,,,,,,
2003-M-DC-2003-WG-M-FRA-ROU-01-h528-s424-RR,2003-M-DC-2003-WG-M-FRA-ROU-01,RR,4,,h528,Victor Hanescu,ROU,21.545,s424,Fabrice Santoro,FRA,30.161,,,61 64,2,0,12,5,0,0,https://www.daviscup.com/cup/livescores/daviscup/M-DC-2003-WG-M-FRA-ROU-01_4.json,,,,,,,,,,,,,,,,,,,,,,,,,,,,,,,,,,,,,,,,,,,,,,,,,,,,,,,,,,,,,,,,,,,
2003-M-DC-2003-WG-M-GER-ARG-01-c514-p273-RR,2003-M-DC-2003-WG-M-GER-ARG-01,RR,4,,c514,Juan Ignacio Chela,ARG,23.438,p273,David Prinosil,GER,29.911,,,64 61,2,0,12,5,0,0,https://www.daviscup.com/cup/livescores/daviscup/M-DC-2003-WG-M-GER-ARG-01_4.json,,,,,,,,,,,,,,,,,,,,,,,,,,,,,,,,,,,,,,,,,,,,,,,,,,,,,,,,,,,,,,,,,,,
2003-M-DC-2003-WG-M-GER-ARG-01-g374-b484-RR,2003-M-DC-2003-WG-M-GER-ARG-01,RR,5,,g374,Gaston Gaudio,ARG,24.161,b484,Lars Burgsmuller,GER,27.169,,,63 61,2,0,12,4,0,0,https://www.daviscup.com/cup/livescores/daviscup/M-DC-2003-WG-M-GER-ARG-01_5.json,,,,,,,,,,,,,,,,,,,,,,,,,,,,,,,,,,,,,,,,,,,,,,,,,,,,,,,,,,,,,,,,,,,
2003-M-DC-2003-WG-M-GER-ARG-01-g374-s636-RR,2003-M-DC-2003-WG-M-GER-ARG-01,RR,1,,g374,Gaston Gaudio,ARG,24.161,s636,Rainer Schuettler,GER,26.784,,,62 63 60,3,0,18,5,0,0,https://www.daviscup.com/cup/livescores/daviscup/M-DC-2003-WG-M-GER-ARG-01_1.json,,,,,,,,,,,,,,,,,,,,,,,,,,,,,,,,,,,,,,,,,,,,,,,,,,,,,,,,,,,,,,,,,,,
2003-M-DC-2003-WG-M-GER-ARG-01-n301-b484-RR,2003-M-DC-2003-WG-M-GER-ARG-01,RR,2,,n301,David Nalbandian,ARG,21.099,b484,Lars Burgsmuller,GER,27.169,,,61 76(4) 75,3,0,20,12,1,0,https://www.daviscup.com/cup/livescores/daviscup/M-DC-2003-WG-M-GER-ARG-01_2.json,,,,,,,,,,,,,,,,,,,,,,,,,,,,,,,,,,,,,,,,,,,,,,,,,,,,,,,,,,,,,,,,,,,
2003-M-DC-2003-WG-M-NED-SUI-01-f324-s572-RR,2003-M-DC-2003-WG-M-NED-SUI-01,RR,4,,f324,Roger Federer,SUI,21.497,s572,Sjeng Schalken,NED,26.413,,,76(2) 64 75,3,0,20,15,1,0,https://www.daviscup.com/cup/livescores/daviscup/M-DC-2003-WG-M-NED-SUI-01_4.json,,,,,,,,,,,,,,,,,,,,,,,,,,,,,,,,,,,,,,,,,,,,,,,,,,,,,,,,,,,,,,,,,,,
2003-M-DC-2003-WG-M-NED-SUI-01-f324-s693-RR,2003-M-DC-2003-WG-M-NED-SUI-01,RR,2,,f324,Roger Federer,SUI,21.497,s693,Raemon Sluiter,NED,24.817,,,62 61 63,3,0,18,6,0,0,https://www.daviscup.com/cup/livescores/daviscup/M-DC-2003-WG-M-NED-SUI-01_2.json,,,,,,,,,,,,,,,,,,,,,,,,,,,,,,,,,,,,,,,,,,,,,,,,,,,,,,,,,,,,,,,,,,,
2003-M-DC-2003-WG-M-NED-SUI-01-k319-v232-RR,2003-M-DC-2003-WG-M-NED-SUI-01,RR,5,,k319,Michel Kratochvil,SUI,23.833,v232,Martin Verkerk,NED,24.268,,,16 76(5) 76(6) 61,3,1,21,19,2,0,https://www.daviscup.com/cup/livescores/daviscup/M-DC-2003-WG-M-NED-SUI-01_5.json,,,,,,,,,,,,,,,,,,,,,,,,,,,,,,,,,,,,,,,,,,,,,,,,,,,,,,,,,,,,,,,,,,,
2003-M-DC-2003-WG-M-NED-SUI-01-s572-k319-RR,2003-M-DC-2003-WG-M-NED-SUI-01,RR,1,,s572,Sjeng Schalken,NED,26.413,k319,Michel Kratochvil,SUI,23.833,,,63 75 16 46 64,3,2,24,24,0,0,https://www.daviscup.com/cup/livescores/daviscup/M-DC-2003-WG-M-NED-SUI-01_1.json,,,,,,,,,,,,,,,,,,,,,,,,,,,,,,,,,,,,,,,,,,,,,,,,,,,,,,,,,,,,,,,,,,,
2003-M-DC-2003-WG-M-SWE-BRA-01-b446-k293-RR,2003-M-DC-2003-WG-M-SWE-BRA-01,RR,4,,b446,Jonas Bjorkman,SWE,30.873,k293,Gustavo Kuerten,BRA,26.408,,,64 64 46 46 61,3,2,26,21,0,0,https://www.daviscup.com/cup/livescores/daviscup/M-DC-2003-WG-M-SWE-BRA-01_4.json,,,,,,,,,,,,,,,,,,,,,,,,,,,,,,,,,,,,,,,,,,,,,,,,,,,,,,,,,,,,,,,,,,,
2003-M-DC-2003-WG-M-SWE-BRA-01-b446-s604-RR,2003-M-DC-2003-WG-M-SWE-BRA-01,RR,2,,b446,Jonas Bjorkman,SWE,30.873,s604,Andre Sa,BRA,25.752,,,64 57 62 46 61,3,2,27,20,0,0,https://www.daviscup.com/cup/livescores/daviscup/M-DC-2003-WG-M-SWE-BRA-01_2.json,,,,,,,,,,,,,,,,,,,,,,,,,,,,,,,,,,,,,,,,,,,,,,,,,,,,,,,,,,,,,,,,,,,
2003-M-DC-2003-WG-M-SWE-BRA-01-k293-v250-RR,2003-M-DC-2003-WG-M-SWE-BRA-01,RR,1,,k293,Gustavo Kuerten,BRA,26.408,v250,Andreas Vinciguerra,SWE,21.967,,,61 64 64,3,0,18,9,0,0,https://www.daviscup.com/cup/livescores/daviscup/M-DC-2003-WG-M-SWE-BRA-01_1.json,,,,,,,,,,,,,,,,,,,,,,,,,,,,,,,,,,,,,,,,,,,,,,,,,,,,,,,,,,,,,,,,,,,
2003-M-DC-2003-WG-M-SWE-BRA-01-v250-s876-RR,2003-M-DC-2003-WG-M-SWE-BRA-01,RR,5,,v250,Andreas Vinciguerra,SWE,21.967,s876,Flavio Saretta,BRA,22.61,,,61 75 63,3,0,19,9,0,0,https://www.daviscup.com/cup/livescores/daviscup/M-DC-2003-WG-M-SWE-BRA-01_5.json,,,,,,,,,,,,,,,,,,,,,,,,,,,,,,,,,,,,,,,,,,,,,,,,,,,,,,,,,,,,,,,,,,,
2003-M-DC-2003-G4-EA-A-B-M-NGR-BEN-01-i074-p469-RR,2003-M-DC-2003-G4-EA-A-B-M-NGR-BEN-01,RR,1,,i074,Jonathan Igbinovia,NGR,22.118,p469,Christophe Pognon,BEN,25.327,,,63 76(5),2,0,13,9,1,0,https://www.daviscup.com/cup/livescores/daviscup/M-DC-2003-G4-EA-A-B-M-NGR-BEN-01_1.json,,,,,,,,,,,,,,,,,,,,,,,,,,,,,,,,,,,,,,,,,,,,,,,,,,,,,,,,,,,,,,,,,,,
2003-M-DC-2003-G1-AMN-M-PER-CAN-01-d499-a367-RR,2003-M-DC-2003-G1-AMN-M-PER-CAN-01,RR,2,,d499,Frank Dancevic,CAN,18.524,a367,Diego Acuna,PER,22.04,,,46 76(3) 36 63 86,3,2,28,27,1,0,https://www.daviscup.com/cup/livescores/daviscup/M-DC-2003-G1-AMN-M-PER-CAN-01_2.json,,,,,,,,,,,,,,,,,,,,,,,,,,,,,,,,,,,,,,,,,,,,,,,,,,,,,,,,,,,,,,,,,,,
2003-M-DC-2003-G1-AMN-M-PER-CAN-01-n210-m783-RR,2003-M-DC-2003-G1-AMN-M-PER-CAN-01,RR,1,,n210,Daniel Nestor,CAN,30.583,m783,Ivan Miranda,PER,23.072,,,62 62 36 64,3,1,21,14,0,0,https://www.daviscup.com/cup/livescores/daviscup/M-DC-2003-G1-AMN-M-PER-CAN-01_1.json,,,,,,,,,,,,,,,,,,,,,,,,,,,,,,,,,,,,,,,,,,,,,,,,,,,,,,,,,,,,,,,,,,,
2003-M-DC-2003-G1-AMN-M-VEN-ECU-01-d353-l430-RR,2003-M-DC-2003-G1-AMN-M-VEN-ECU-01,RR,1,(RET),d353,Jose De Armas,VEN,22.026,l430,Giovanni Lapentti,ECU,20.193,,,67(4) 26 76(4) Retired,,,,,,,https://www.daviscup.com/cup/livescores/daviscup/M-DC-2003-G1-AMN-M-VEN-ECU-01_1.json,,,,,,,,,,,,,,,,,,,,,,,,,,,,,,,,,,,,,,,,,,,,,,,,,,,,,,,,,,,,,,,,,,,
2003-M-DC-2003-G1-AMN-M-VEN-ECU-01-l290-d353-RR,2003-M-DC-2003-G1-AMN-M-VEN-ECU-01,RR,4,,l290,Nicolas Lapentti,ECU,26.642,d353,Jose De Armas,VEN,22.026,,,36 64 63 63,3,1,21,16,0,0,https://www.daviscup.com/cup/livescores/daviscup/M-DC-2003-G1-AMN-M-VEN-ECU-01_4.json,,,,,,,,,,,,,,,,,,,,,,,,,,,,,,,,,,,,,,,,,,,,,,,,,,,,,,,,,,,,,,,,,,,
2003-M-DC-2003-G1-AMN-M-VEN-ECU-01-l290-k338-RR,2003-M-DC-2003-G1-AMN-M-VEN-ECU-01,RR,2,(RET),l290,Nicolas Lapentti,ECU,26.642,k338,Kepler Orellana,VEN,25.489,,,64 63 46 55 Retired,,,,,,,https://www.daviscup.com/cup/livescores/daviscup/M-DC-2003-G1-AMN-M-VEN-ECU-01_2.json,,,,,,,,,,,,,,,,,,,,,,,,,,,,,,,,,,,,,,,,,,,,,,,,,,,,,,,,,,,,,,,,,,,
2003-M-DC-2003-G1-AO-M-IND-NZL-01-b757-s764-RR,2003-M-DC-2003-G1-AO-M-IND-NZL-01,RR,4,,b757,Rohan Bopanna,IND,23.083,s764,James Shortall,NZL,23.276,,,63 62 64,3,0,18,9,0,0,https://www.daviscup.com/cup/livescores/daviscup/M-DC-2003-G1-AO-M-IND-NZL-01_4.json,,,,,,,,,,,,,,,,,,,,,,,,,,,,,,,,,,,,,,,,,,,,,,,,,,,,,,,,,,,,,,,,,,,
2003-M-DC-2003-G1-AO-M-IND-NZL-01-h297-b757-RR,2003-M-DC-2003-G1-AO-M-IND-NZL-01,RR,2,,h297,Alistair Hunt,NZL,30.397,b757,Rohan Bopanna,IND,23.083,,,46 46 63 62 97,3,2,29,24,0,0,https://www.daviscup.com/cup/livescores/daviscup/M-DC-2003-G1-AO-M-IND-NZL-01_2.json,,,,,,,,,,,,,,,,,,,,,,,,,,,,,,,,,,,,,,,,,,,,,,,,,,,,,,,,,,,,,,,,,,,
2003-M-DC-2003-G1-AO-M-IND-NZL-01-p269-n267-RR,2003-M-DC-2003-G1-AO-M-IND-NZL-01,RR,1,,p269,Leander Paes,IND,29.798,n267,Mark Nielsen,NZL,25.489,,,61 76(1) 62,3,0,19,9,1,0,https://www.daviscup.com/cup/livescores/daviscup/M-DC-2003-G1-AO-M-IND-NZL-01_1.json,,,,,,,,,,,,,,,,,,,,,,,,,,,,,,,,,,,,,,,,,,,,,,,,,,,,,,,,,,,,,,,,,,,
2003-M-DC-2003-G1-AO-M-UZB-THA-01-s675-k308-RR,2003-M-DC-2003-G1-AO-M-UZB-THA-01,RR,4,,s675,Paradorn Srichaphan,THA,23.806,k308,Vadim Kutsenko,RUS,26.051,,,63 63 63,3,0,18,9,0,0,https://www.daviscup.com/cup/livescores/daviscup/M-DC-2003-G1-AO-M-UZB-THA-01_4.json,,,,,,,,,,,,,,,,,,,,,,,,,,,,,,,,,,,,,,,,,,,,,,,,,,,,,,,,,,,,,,,,,,,
2003-M-DC-2003-G1-AO-M-UZB-THA-01-s675-o127-RR,2003-M-DC-2003-G1-AO-M-UZB-THA-01,RR,2,,s675,Paradorn Srichaphan,THA,23.806,o127,Oleg Ogorodov,UZB,30.717,,,63 64 64,3,0,18,11,0,0,https://www.daviscup.com/cup/livescores/daviscup/M-DC-2003-G1-AO-M-UZB-THA-01_2.json,,,,,,,,,,,,,,,,,,,,,,,,,,,,,,,,,,,,,,,,,,,,,,,,,,,,,,,,,,,,,,,,,,,
2003-M-DC-2003-G1-AO-M-UZB-THA-01-u043-i151-RR,2003-M-DC-2003-G1-AO-M-UZB-THA-01,RR,5,,u043,Danai Udomchoke,THA,21.647,i151,Murad Inoyatov,UZB,18.392,,,64 63,2,0,12,7,0,0,https://www.daviscup.com/cup/livescores/daviscup/M-DC-2003-G1-AO-M-UZB-THA-01_5.json,,,,,,,,,,,,,,,,,,,,,,,,,,,,,,,,,,,,,,,,,,,,,,,,,,,,,,,,,,,,,,,,,,,
2003-M-DC-2003-G1-AO-M-UZB-THA-01-u043-k308-RR,2003-M-DC-2003-G1-AO-M-UZB-THA-01,RR,1,,u043,Danai Udomchoke,THA,21.647,k308,Vadim Kutsenko,RUS,26.051,,,62 62 63,3,0,18,7,0,0,https://www.daviscup.com/cup/livescores/daviscup/M-DC-2003-G1-AO-M-UZB-THA-01_1.json,,,,,,,,,,,,,,,,,,,,,,,,,,,,,,,,,,,,,,,,,,,,,,,,,,,,,,,,,,,,,,,,,,,
2003-M-DC-2003-G1-AO-REL-INA-KOR-01-c570-h436-RR,2003-M-DC-2003-G1-AO-REL-INA-KOR-01,RR,2,(RET),c570,Hee-Seok Chung,KOR,26.182,h436,Peter Handoyo,INA,23.645,,,75 62 21 Retired,,,,,,,https://www.daviscup.com/cup/livescores/daviscup/M-DC-2003-G1-AO-REL-INA-KOR-01_2.json,,,,,,,,,,,,,,,,,,,,,,,,,,,,,,,,,,,,,,,,,,,,,,,,,,,,,,,,,,,,,,,,,,,
2003-M-DC-2003-G1-AO-REL-INA-KOR-01-c570-sb29-RR,2003-M-DC-2003-G1-AO-REL-INA-KOR-01,RR,5,,c570,Hee-Seok Chung,KOR,26.182,sb29,Prima Simpatiaji,INA,21.467,,,75 76(2),2,0,14,11,1,0,https://www.daviscup.com/cup/livescores/daviscup/M-DC-2003-G1-AO-REL-INA-KOR-01_5.json,,,,,,,,,,,,,,,,,,,,,,,,,,,,,,,,,,,,,,,,,,,,,,,,,,,,,,,,,,,,,,,,,,,
2003-M-DC-2003-G1-AO-REL-JPN-PAK-01-s550-k425-RR,2003-M-DC-2003-G1-AO-REL-JPN-PAK-01,RR,2,,s550,Takao Suzuki,JPN,26.54,k425,Aqeel Khan,PAK,23.18,,,61 61 64,3,0,18,6,0,0,https://www.daviscup.com/cup/livescores/daviscup/M-DC-2003-G1-AO-REL-JPN-PAK-01_2.json,,,,,,,,,,,,,,,,,,,,,,,,,,,,,,,,,,,,,,,,,,,,,,,,,,,,,,,,,,,,,,,,,,,
2003-M-DC-2003-G1-EA-M-BLR-ZIM-01-m595-u024-RR,2003-M-DC-2003-G1-EA-M-BLR-ZIM-01,RR,1,,m595,Max Mirnyi,BLR,25.744,u024,Kevin Ullyett,ZIM,30.865,,,63 76(4) 64,3,0,19,13,1,0,https://www.daviscup.com/cup/livescores/daviscup/M-DC-2003-G1-EA-M-BLR-ZIM-01_1.json,,,,,,,,,,,,,,,,,,,,,,,,,,,,,,,,,,,,,,,,,,,,,,,,,,,,,,,,,,,,,,,,,,,
2003-M-DC-2003-G1-EA-M-BLR-ZIM-01-v211-b499-RR,2003-M-DC-2003-G1-EA-M-BLR-ZIM-01,RR,2,,v211,Vladimir Voltchkov,BLR,24.991,b499,Wayne Black,ZIM,29.389,,,67(4) 64 62 75,3,1,25,18,0,1,https://www.daviscup.com/cup/livescores/daviscup/M-DC-2003-G1-EA-M-BLR-ZIM-01_2.json,,,,,,,,,,,,,,,,,,,,,,,,,,,,,,,,,,,,,,,,,,,,,,,,,,,,,,,,,,,,,,,,,,,
2003-M-DC-2003-G1-EA-M-FIN-AUT-01-k310-k297-RR,2003-M-DC-2003-G1-EA-M-FIN-AUT-01,RR,1,,k310,Stefan Koubek,AUT,26.255,k297,Tuomas Ketola,FIN,28.12,,,75 46 76(3) 61,3,1,24,18,1,0,https://www.daviscup.com/cup/livescores/daviscup/M-DC-2003-G1-EA-M-FIN-AUT-01_1.json,,,,,,,,,,,,,,,,,,,,,,,,,,,,,,,,,,,,,,,,,,,,,,,,,,,,,,,,,,,,,,,,,,,
2003-M-DC-2003-G1-EA-M-FIN-AUT-01-m762-k297-RR,2003-M-DC-2003-G1-EA-M-FIN-AUT-01,RR,5,,m762,Jurgen Melzer,AUT,21.868,k297,Tuomas Ketola,FIN,28.12,,,76(2) 36 67(6) 62 62,3,2,28,23,1,1,https://www.daviscup.com/cup/livescores/daviscup/M-DC-2003-G1-EA-M-FIN-AUT-01_5.json,,,,,,,,,,,,,,,,,,,,,,,,,,,,,,,,,,,,,,,,,,,,,,,,,,,,,,,,,,,,,,,,,,,
2003-M-DC-2003-G1-EA-M-FIN-AUT-01-n289-k310-RR,2003-M-DC-2003-G1-EA-M-FIN-AUT-01,RR,4,,n289,Jarkko Nieminen,FIN,21.698,k310,Stefan Koubek,AUT,26.255,,,63 62 63,3,0,18,8,0,0,https://www.daviscup.com/cup/livescores/daviscup/M-DC-2003-G1-EA-M-FIN-AUT-01_4.json,,,,,,,,,,,,,,,,,,,,,,,,,,,,,,,,,,,,,,,,,,,,,,,,,,,,,,,,,,,,,,,,,,,
2003-M-DC-2003-G1-EA-M-FIN-AUT-01-n289-m762-RR,2003-M-DC-2003-G1-EA-M-FIN-AUT-01,RR,2,,n289,Jarkko Nieminen,FIN,21.698,m762,Jurgen Melzer,AUT,21.868,,,76(5) 46 64 46 64,3,2,27,26,1,0,https://www.daviscup.com/cup/livescores/daviscup/M-DC-2003-G1-EA-M-FIN-AUT-01_2.json,,,,,,,,,,,,,,,,,,,,,,,,,,,,,,,,,,,,,,,,,,,,,,,,,,,,,,,,,,,,,,,,,,,
2003-M-DC-2003-G1-EA-M-ITA-MAR-01-a226-v254-RR,2003-M-DC-2003-G1-EA-M-ITA-MAR-01,RR,5,,a226,Hicham Arazi,MAR,29.459,v254,Filippo Volandri,ITA,21.58,,,63 63 62,3,0,18,8,0,0,https://www.daviscup.com/cup/livescores/daviscup/M-DC-2003-G1-EA-M-ITA-MAR-01_5.json,,,,,,,,,,,,,,,,,,,,,,,,,,,,,,,,,,,,,,,,,,,,,,,,,,,,,,,,,,,,,,,,,,,
2003-M-DC-2003-G1-EA-M-ITA-MAR-01-e121-s480-RR,2003-M-DC-2003-G1-EA-M-ITA-MAR-01,RR,4,,e121,Younes El Aynaoui,MAR,31.561,s480,Davide Sanguinetti,ITA,30.61,,,64 63 62,3,0,18,9,0,0,https://www.daviscup.com/cup/livescores/daviscup/M-DC-2003-G1-EA-M-ITA-MAR-01_4.json,,,,,,,,,,,,,,,,,,,,,,,,,,,,,,,,,,,,,,,,,,,,,,,,,,,,,,,,,,,,,,,,,,,
2003-M-DC-2003-G1-EA-M-ITA-MAR-01-e121-v254-RR,2003-M-DC-2003-G1-EA-M-ITA-MAR-01,RR,1,,e121,Younes El Aynaoui,MAR,31.561,v254,Filippo Volandri,ITA,21.58,,,76(6) 64 36 76(5),3,1,23,22,2,0,https://www.daviscup.com/cup/livescores/daviscup/M-DC-2003-G1-EA-M-ITA-MAR-01_1.json,,,,,,,,,,,,,,,,,,,,,,,,,,,,,,,,,,,,,,,,,,,,,,,,,,,,,,,,,,,,,,,,,,,
2003-M-DC-2003-G1-EA-M-ITA-MAR-01-s480-a226-RR,2003-M-DC-2003-G1-EA-M-ITA-MAR-01,RR,2,,s480,Davide Sanguinetti,ITA,30.61,a226,Hicham Arazi,MAR,29.459,,,75 16 06 64 63,3,2,20,24,0,0,https://www.daviscup.com/cup/livescores/daviscup/M-DC-2003-G1-EA-M-ITA-MAR-01_2.json,,,,,,,,,,,,,,,,,,,,,,,,,,,,,,,,,,,,,,,,,,,,,,,,,,,,,,,,,,,,,,,,,,,
2003-M-DC-2003-G1-EA-M-SVK-LUX-01-b804-k572-RR,2003-M-DC-2003-G1-EA-M-SVK-LUX-01,RR,2,,b804,Karol Beck,SVK,21.002,k572,Gilles Kremer,LUX,21.72,,,63 64 62,3,0,18,9,0,0,https://www.daviscup.com/cup/livescores/daviscup/M-DC-2003-G1-EA-M-SVK-LUX-01_2.json,,,,,,,,,,,,,,,,,,,,,,,,,,,,,,,,,,,,,,,,,,,,,,,,,,,,,,,,,,,,,,,,,,,
2003-M-DC-2003-G1-EA-M-SVK-LUX-01-b804-ma30-RR,2003-M-DC-2003-G1-EA-M-SVK-LUX-01,RR,4,,b804,Karol Beck,SVK,21.002,ma30,Gilles Muller,LUX,19.903,,,64 63 63,3,0,18,10,0,0,https://www.daviscup.com/cup/livescores/daviscup/M-DC-2003-G1-EA-M-SVK-LUX-01_4.json,,,,,,,,,,,,,,,,,,,,,,,,,,,,,,,,,,,,,,,,,,,,,,,,,,,,,,,,,,,,,,,,,,,
2003-M-DC-2003-G1-EA-M-SVK-LUX-01-m776-s887-RR,2003-M-DC-2003-G1-EA-M-SVK-LUX-01,RR,5,,m776,Michal Mertinak,SVK,23.481,s887,Mike Scheidweiler,LUX,21.389,,,46 63 62 64,3,1,22,15,0,0,https://www.daviscup.com/cup/livescores/daviscup/M-DC-2003-G1-EA-M-SVK-LUX-01_5.json,,,,,,,,,,,,,,,,,,,,,,,,,,,,,,,,,,,,,,,,,,,,,,,,,,,,,,,,,,,,,,,,,,,
2003-M-DC-2003-G1-EA-M-SVK-LUX-01-ma30-m776-RR,2003-M-DC-2003-G1-EA-M-SVK-LUX-01,RR,1,,ma30,Gilles Muller,LUX,19.903,m776,Michal Mertinak,SVK,23.481,,,75 63 76(6),3,0,20,14,1,0,https://www.daviscup.com/cup/livescores/daviscup/M-DC-2003-G1-EA-M-SVK-LUX-01_1.json,,,,,,,,,,,,,,,,,,,,,,,,,,,,,,,,,,,,,,,,,,,,,,,,,,,,,,,,,,,,,,,,,,,
2003-M-DC-2003-G2-AMN-M-CUB-DOM-01-e224-c713-RR,2003-M-DC-2003-G2-AMN-M-CUB-DOM-01,RR,1,,e224,Victor Estrella Burgos,DOM,22.672,c713,Ricardo Chile-Fonte,CUB,21.241,,,62 62 63,3,0,18,7,0,0,https://www.daviscup.com/cup/livescores/daviscup/M-DC-2003-G2-AMN-M-CUB-DOM-01_1.json,,,,,,,,,,,,,,,,,,,,,,,,,,,,,,,,,,,,,,,,,,,,,,,,,,,,,,,,,,,,,,,,,,,
2003-M-DC-2003-G2-AMN-M-CUB-DOM-01-g166-n264-RR,2003-M-DC-2003-G2-AMN-M-CUB-DOM-01,RR,2,,g166,Jhonson Garcia,DOM,22.508,n264,Lazaro Navarro-Batles,MEX,29.185,,,64 64 75,3,0,19,13,0,0,https://www.daviscup.com/cup/livescores/daviscup/M-DC-2003-G2-AMN-M-CUB-DOM-01_2.json,,,,,,,,,,,,,,,,,,,,,,,,,,,,,,,,,,,,,,,,,,,,,,,,,,,,,,,,,,,,,,,,,,,
2003-M-DC-2003-G2-AMN-REL-AHO-HAI-01-r513-l542-RR,2003-M-DC-2003-G2-AMN-REL-AHO-HAI-01,RR,4,,r513,Jean-Julien Rojer,NED,21.61,l542,Iphton Louis,HAI,27.935,,,61 62 63,3,0,18,6,0,0,https://www.daviscup.com/cup/livescores/daviscup/M-DC-2003-G2-AMN-REL-AHO-HAI-01_4.json,,,,,,,,,,,,,,,,,,,,,,,,,,,,,,,,,,,,,,,,,,,,,,,,,,,,,,,,,,,,,,,,,,,
2003-M-DC-2003-G2-AMN-REL-COL-URU-01-q017-d253-RR,2003-M-DC-2003-G2-AMN-REL-COL-URU-01,RR,4,,q017,Michael Quintero,COL,22.731,d253,Federico Dondo,URU,31.462,,,63 75 76(9),3,0,20,14,1,0,https://www.daviscup.com/cup/livescores/daviscup/M-DC-2003-G2-AMN-REL-COL-URU-01_4.json,,,,,,,,,,,,,,,,,,,,,,,,,,,,,,,,,,,,,,,,,,,,,,,,,,,,,,,,,,,,,,,,,,,
2003-M-DC-2003-G2-AMN-REL-COL-URU-01-q017-v403-RR,2003-M-DC-2003-G2-AMN-REL-COL-URU-01,RR,2,,q017,Michael Quintero,COL,22.731,v403,Martin Vilarrubi,URU,18.588,,,60 64 67(5) 61,3,1,24,12,0,1,https://www.daviscup.com/cup/livescores/daviscup/M-DC-2003-G2-AMN-REL-COL-URU-01_2.json,,,,,,,,,,,,,,,,,,,,,,,,,,,,,,,,,,,,,,,,,,,,,,,,,,,,,,,,,,,,,,,,,,,
2003-M-DC-2003-G2-AO-M-TPE-CHN-01-l575-sc92-RR,2003-M-DC-2003-G2-AO-M-TPE-CHN-01,RR,1,,l575,Yen-Hsun Lu,TPE,19.639,sc92,Peng Sun,CHN,19.459,,,64 63 46 57 64,3,2,27,24,0,0,https://www.daviscup.com/cup/livescores/daviscup/M-DC-2003-G2-AO-M-TPE-CHN-01_1.json,,,,,,,,,,,,,,,,,,,,,,,,,,,,,,,,,,,,,,,,,,,,,,,,,,,,,,,,,,,,,,,,,,,
2003-M-DC-2003-G2-AO-M-TPE-CHN-01-w373-z151-RR,2003-M-DC-2003-G2-AO-M-TPE-CHN-01,RR,5,,w373,Jimmy Wang,TPE,18.155,z151,Shao-Xuan Zeng,CHN,21.599,,,63 64 62,3,0,18,9,0,0,https://www.daviscup.com/cup/livescores/daviscup/M-DC-2003-G2-AO-M-TPE-CHN-01_5.json,,,,,,,,,,,,,,,,,,,,,,,,,,,,,,,,,,,,,,,,,,,,,,,,,,,,,,,,,,,,,,,,,,,
2003-M-DC-2003-G2-AO-M-TPE-CHN-01-z096-l575-RR,2003-M-DC-2003-G2-AO-M-TPE-CHN-01,RR,4,(RET),z096,Ben-Qiang Zhu,CHN,24.059,l575,Yen-Hsun Lu,TPE,19.639,,,62 61 Retired,,,,,,,https://www.daviscup.com/cup/livescores/daviscup/M-DC-2003-G2-AO-M-TPE-CHN-01_4.json,,,,,,,,,,,,,,,,,,,,,,,,,,,,,,,,,,,,,,,,,,,,,,,,,,,,,,,,,,,,,,,,,,,
2003-M-DC-2003-G2-AO-M-TPE-CHN-01-z096-w373-RR,2003-M-DC-2003-G2-AO-M-TPE-CHN-01,RR,2,,z096,Ben-Qiang Zhu,CHN,24.059,w373,Jimmy Wang,TPE,18.155,,,76(2) 67(8) 61 61,3,1,25,15,1,1,https://www.daviscup.com/cup/livescores/daviscup/M-DC-2003-G2-AO-M-TPE-CHN-01_2.json,,,,,,,,,,,,,,,,,,,,,,,,,,,,,,,,,,,,,,,,,,,,,,,,,,,,,,,,,,,,,,,,,,,
2003-M-DC-2003-G2-AO-REL-IRI-TJK-01-h609-sd76-RR,2003-M-DC-2003-G2-AO-REL-IRI-TJK-01,RR,4,,h609,Shahab Hassani-Nafez,IRI,25.551,sd76,Dilshod Sharifi,TJK,16.811,,,63 63,2,0,12,6,0,0,https://www.daviscup.com/cup/livescores/daviscup/M-DC-2003-G2-AO-REL-IRI-TJK-01_4.json,,,,,,,,,,,,,,,,,,,,,,,,,,,,,,,,,,,,,,,,,,,,,,,,,,,,,,,,,,,,,,,,,,,
2003-M-DC-2003-G2-EA-M-AND-GRE-01-e160-j159-RR,2003-M-DC-2003-G2-EA-M-AND-GRE-01,RR,2,,e160,Konstantinos Economidis,GRE,25.422,j159,Joan Jimenez-Guerra,AND,25.196,,,64 64 63,3,0,18,11,0,0,https://www.daviscup.com/cup/livescores/daviscup/M-DC-2003-G2-EA-M-AND-GRE-01_2.json,,,,,,,,,,,,,,,,,,,,,,,,,,,,,,,,,,,,,,,,,,,,,,,,,,,,,,,,,,,,,,,,,,,
2003-M-DC-2003-G2-EA-M-AND-GRE-01-m854-t779-RR,2003-M-DC-2003-G2-EA-M-AND-GRE-01,RR,1,,m854,Vasilis Mazarakis,GRE,23.153,t779,Kenneth Tuilier-Curco,AND,19.741,,,61 60 61,3,0,18,2,0,0,https://www.daviscup.com/cup/livescores/daviscup/M-DC-2003-G2-EA-M-AND-GRE-01_1.json,,,,,,,,,,,,,,,,,,,,,,,,,,,,,,,,,,,,,,,,,,,,,,,,,,,,,,,,,,,,,,,,,,,
2003-M-DC-2003-G2-EA-M-AND-GRE-01-r365-j159-RR,2003-M-DC-2003-G2-EA-M-AND-GRE-01,RR,4,,r365,Nikos Rovas,GRE,25.54,j159,Joan Jimenez-Guerra,AND,25.196,,,36 64 63,2,1,15,13,0,0,https://www.daviscup.com/cup/livescores/daviscup/M-DC-2003-G2-EA-M-AND-GRE-01_4.json,,,,,,,,,,,,,,,,,,,,,,,,,,,,,,,,,,,,,,,,,,,,,,,,,,,,,,,,,,,,,,,,,,,
2003-M-DC-2003-G2-EA-M-BUL-UKR-01-t333-t240-RR,2003-M-DC-2003-G2-EA-M-BUL-UKR-01,RR,1,,t333,Orest Tereshchuk,UKR,21.629,t240,Ivaylo Traykov,BUL,24.298,,,76(2) 67(4) 36 76(6) 64,3,2,29,29,2,1,https://www.daviscup.com/cup/livescores/daviscup/M-DC-2003-G2-EA-M-BUL-UKR-01_1.json,,,,,,,,,,,,,,,,,,,,,,,,,,,,,,,,,,,,,,,,,,,,,,,,,,,,,,,,,,,,,,,,,,,
2003-M-DC-2003-G2-EA-M-DEN-TUN-01-c328-a563-RR,2003-M-DC-2003-G2-EA-M-DEN-TUN-01,RR,2,,c328,Kenneth Carlsen,DEN,29.965,a563,Haythem Abid,TUN,17.715,,,62 61 63,3,0,18,6,0,0,https://www.daviscup.com/cup/livescores/daviscup/M-DC-2003-G2-EA-M-DEN-TUN-01_2.json,,,,,,,,,,,,,,,,,,,,,,,,,,,,,,,,,,,,,,,,,,,,,,,,,,,,,,,,,,,,,,,,,,,
2003-M-DC-2003-G2-EA-M-DEN-TUN-01-c328-j173-RR,2003-M-DC-2003-G2-EA-M-DEN-TUN-01,RR,4,,c328,Kenneth Carlsen,DEN,29.965,j173,Walid Jallali,TUN,24.763,,,63 64 60,3,0,18,7,0,0,https://www.daviscup.com/cup/livescores/daviscup/M-DC-2003-G2-EA-M-DEN-TUN-01_4.json,,,,,,,,,,,,,,,,,,,,,,,,,,,,,,,,,,,,,,,,,,,,,,,,,,,,,,,,,,,,,,,,,,,
2003-M-DC-2003-G2-EA-M-DEN-TUN-01-j173-n415-RR,2003-M-DC-2003-G2-EA-M-DEN-TUN-01,RR,1,,j173,Walid Jallali,TUN,24.763,n415,Rasmus Norby,DEN,20.567,,,06 64 63 16 62,3,2,19,21,0,0,https://www.daviscup.com/cup/livescores/daviscup/M-DC-2003-G2-EA-M-DEN-TUN-01_1.json,,,,,,,,,,,,,,,,,,,,,,,,,,,,,,,,,,,,,,,,,,,,,,,,,,,,,,,,,,,,,,,,,,,
2003-M-DC-2003-G2-EA-M-DEN-TUN-01-n390-j267-RR,2003-M-DC-2003-G2-EA-M-DEN-TUN-01,RR,5,,n390,Frederik Nielsen,DEN,19.604,j267,Malek Jaziri,TUN,19.206,,,61 64,2,0,12,5,0,0,https://www.daviscup.com/cup/livescores/daviscup/M-DC-2003-G2-EA-M-DEN-TUN-01_5.json,,,,,,,,,,,,,,,,,,,,,,,,,,,,,,,,,,,,,,,,,,,,,,,,,,,,,,,,,,,,,,,,,,,
2003-M-DC-2003-G2-EA-M-EGY-IRL-01-d395-m917-RR,2003-M-DC-2003-G2-EA-M-EGY-IRL-01,RR,4,,d395,John Doran,IRL,24.884,m917,Mohamed Mamoun,EGY,21.47,,,76(3) 63 75,3,0,20,14,1,0,https://www.daviscup.com/cup/livescores/daviscup/M-DC-2003-G2-EA-M-EGY-IRL-01_4.json,,,,,,,,,,,,,,,,,,,,,,,,,,,,,,,,,,,,,,,,,,,,,,,,,,,,,,,,,,,,,,,,,,,
2003-M-DC-2003-G2-EA-M-EGY-IRL-01-m917-n340-RR,2003-M-DC-2003-G2-EA-M-EGY-IRL-01,RR,1,,m917,Mohamed Mamoun,EGY,21.47,n340,Stephen Nugent,IRL,21.583,,,64 67(4) 63 64,3,1,24,18,0,1,https://www.daviscup.com/cup/livescores/daviscup/M-DC-2003-G2-EA-M-EGY-IRL-01_1.json,,,,,,,,,,,,,,,,,,,,,,,,,,,,,,,,,,,,,,,,,,,,,,,,,,,,,,,,,,,,,,,,,,,
2003-M-DC-2003-G2-EA-M-POR-MON-01-c336-c510-RR,2003-M-DC-2003-G2-EA-M-POR-MON-01,RR,2,,c336,Emanuel Couto,POR,29.661,c510,Guillaume Couillard,MON,27.317,,,75 67(2) 63 61,3,1,25,16,0,1,https://www.daviscup.com/cup/livescores/daviscup/M-DC-2003-G2-EA-M-POR-MON-01_2.json,,,,,,,,,,,,,,,,,,,,,,,,,,,,,,,,,,,,,,,,,,,,,,,,,,,,,,,,,,,,,,,,,,,
2003-M-DC-2003-G2-EA-M-POR-MON-01-l341-c510-RR,2003-M-DC-2003-G2-EA-M-POR-MON-01,RR,4,,l341,Helder Lopes,POR,25.658,c510,Guillaume Couillard,MON,27.317,,,75 67(7) 76(2),2,1,20,18,1,1,https://www.daviscup.com/cup/livescores/daviscup/M-DC-2003-G2-EA-M-POR-MON-01_4.json,,,,,,,,,,,,,,,,,,,,,,,,,,,,,,,,,,,,,,,,,,,,,,,,,,,,,,,,,,,,,,,,,,,
2003-M-DC-2003-G2-EA-M-RSA-POL-01-d239-d424-RR,2003-M-DC-2003-G2-EA-M-RSA-POL-01,RR,5,,d239,Bartlomiej Dabrowski,POL,30.623,d424,Rik De Voest,RSA,22.83,,,60 64,2,0,12,4,0,0,https://www.daviscup.com/cup/livescores/daviscup/M-DC-2003-G2-EA-M-RSA-POL-01_5.json,,,,,,,,,,,,,,,,,,,,,,,,,,,,,,,,,,,,,,,,,,,,,,,,,,,,,,,,,,,,,,,,,,,
2003-M-DC-2003-G2-EA-M-RSA-POL-01-d424-k540-RR,2003-M-DC-2003-G2-EA-M-RSA-POL-01,RR,1,,d424,Rik De Voest,RSA,22.83,k540,Lukasz Kubot,POL,20.884,,,36 61 63 60,3,1,21,10,0,0,https://www.daviscup.com/cup/livescores/daviscup/M-DC-2003-G2-EA-M-RSA-POL-01_1.json,,,,,,,,,,,,,,,,,,,,,,,,,,,,,,,,,,,,,,,,,,,,,,,,,,,,,,,,,,,,,,,,,,,
2003-M-DC-2003-G2-EA-M-RSA-POL-01-k540-m759-RR,2003-M-DC-2003-G2-EA-M-RSA-POL-01,RR,4,,k540,Lukasz Kubot,POL,20.884,m759,Wesley Moodie,RSA,24.139,,,64 26 63,2,1,14,13,0,0,https://www.daviscup.com/cup/livescores/daviscup/M-DC-2003-G2-EA-M-RSA-POL-01_4.json,,,,,,,,,,,,,,,,,,,,,,,,,,,,,,,,,,,,,,,,,,,,,,,,,,,,,,,,,,,,,,,,,,,
2003-M-DC-2003-G2-EA-M-RSA-POL-01-m759-f364-RR,2003-M-DC-2003-G2-EA-M-RSA-POL-01,RR,2,,m759,Wesley Moodie,RSA,24.139,f364,Mariusz Fyrstenberg,POL,22.739,,,61 62 62,3,0,18,5,0,0,https://www.daviscup.com/cup/livescores/daviscup/M-DC-2003-G2-EA-M-RSA-POL-01_2.json,,,,,,,,,,,,,,,,,,,,,,,,,,,,,,,,,,,,,,,,,,,,,,,,,,,,,,,,,,,,,,,,,,,
2003-M-DC-2003-G2-EA-M-YUG-CIV-01-s802-t742-RR,2003-M-DC-2003-G2-EA-M-YUG-CIV-01,RR,1,,s802,Valentin Sanon,CIV,22.873,t742,Janko Tipsarevic,SRB,18.784,,,46 63 63 36 62,3,2,25,20,0,0,https://www.daviscup.com/cup/livescores/daviscup/M-DC-2003-G2-EA-M-YUG-CIV-01_1.json,,,,,,,,,,,,,,,,,,,,,,,,,,,,,,,,,,,,,,,,,,,,,,,,,,,,,,,,,,,,,,,,,,,
2003-M-DC-2003-WG-M-ARG-RUS-01-g374-d402-RR,2003-M-DC-2003-WG-M-ARG-RUS-01,RR,5,,g374,Gaston Gaudio,ARG,24.319,d402,Nikolay Davydenko,RUS,21.838,,,76(4) 63,2,0,13,9,1,0,https://www.daviscup.com/cup/livescores/daviscup/M-DC-2003-WG-M-ARG-RUS-01_5.json,,,,,,,,,,,,,,,,,,,,,,,,,,,,,,,,,,,,,,,,,,,,,,,,,,,,,,,,,,,,,,,,,,,
2003-M-DC-2003-WG-M-ARG-RUS-01-g374-k267-RR,2003-M-DC-2003-WG-M-ARG-RUS-01,RR,2,,g374,Gaston Gaudio,ARG,24.319,k267,Yevgeny Kafelnikov,RUS,29.129,,,64 60 62,3,0,18,6,0,0,https://www.daviscup.com/cup/livescores/daviscup/M-DC-2003-WG-M-ARG-RUS-01_2.json,,,,,,,,,,,,,,,,,,,,,,,,,,,,,,,,,,,,,,,,,,,,,,,,,,,,,,,,,,,,,,,,,,,
2003-M-DC-2003-WG-M-ARG-RUS-01-n301-d402-RR,2003-M-DC-2003-WG-M-ARG-RUS-01,RR,1,,n301,David Nalbandian,ARG,21.258,d402,Nikolay Davydenko,RUS,21.838,,,62 62 75,3,0,19,9,0,0,https://www.daviscup.com/cup/livescores/daviscup/M-DC-2003-WG-M-ARG-RUS-01_1.json,,,,,,,,,,,,,,,,,,,,,,,,,,,,,,,,,,,,,,,,,,,,,,,,,,,,,,,,,,,,,,,,,,,
2003-M-DC-2003-WG-M-ARG-RUS-01-z073-y061-RR,2003-M-DC-2003-WG-M-ARG-RUS-01,RR,4,,z073,Mariano Zabaleta,ARG,25.102,y061,Mikhail Youzhny,RUS,20.776,,,61 64,2,0,12,5,0,0,https://www.daviscup.com/cup/livescores/daviscup/M-DC-2003-WG-M-ARG-RUS-01_4.json,,,,,,,,,,,,,,,,,,,,,,,,,,,,,,,,,,,,,,,,,,,,,,,,,,,,,,,,,,,,,,,,,,,
2003-M-DC-2003-WG-M-AUS-SWE-01-a202-j194-RR,2003-M-DC-2003-WG-M-AUS-SWE-01,RR,4,,a202,Wayne Arthurs,AUS,32.045,j194,Joachim Johansson,SWE,20.758,,,63 36 76(4),2,1,16,15,1,0,https://www.daviscup.com/cup/livescores/daviscup/M-DC-2003-WG-M-AUS-SWE-01_4.json,,,,,,,,,,,,,,,,,,,,,,,,,,,,,,,,,,,,,,,,,,,,,,,,,,,,,,,,,,,,,,,,,,,
2003-M-DC-2003-WG-M-AUS-SWE-01-h432-e113-RR,2003-M-DC-2003-WG-M-AUS-SWE-01,RR,2,,h432,Lleyton Hewitt,AUS,22.112,e113,Thomas Enqvist,SWE,29.059,,,64 62 57 64,3,1,23,17,0,0,https://www.daviscup.com/cup/livescores/daviscup/M-DC-2003-WG-M-AUS-SWE-01_2.json,,,,,,,,,,,,,,,,,,,,,,,,,,,,,,,,,,,,,,,,,,,,,,,,,,,,,,,,,,,,,,,,,,,
2003-M-DC-2003-WG-M-AUS-SWE-01-p338-b446-RR,2003-M-DC-2003-WG-M-AUS-SWE-01,RR,1,,p338,Mark Philippoussis,AUS,26.408,b446,Jonas Bjorkman,SWE,31.032,,,64 63 63,3,0,18,10,0,0,https://www.daviscup.com/cup/livescores/daviscup/M-DC-2003-WG-M-AUS-SWE-01_1.json,,,,,,,,,,,,,,,,,,,,,,,,,,,,,,,,,,,,,,,,,,,,,,,,,,,,,,,,,,,,,,,,,,,
2003-M-DC-2003-WG-M-AUS-SWE-01-p338-n250-RR,2003-M-DC-2003-WG-M-AUS-SWE-01,RR,5,,p338,Mark Philippoussis,AUS,26.408,n250,Magnus Norman,SWE,26.846,,,75 57 63,2,1,18,15,0,0,https://www.daviscup.com/cup/livescores/daviscup/M-DC-2003-WG-M-AUS-SWE-01_5.json,,,,,,,,,,,,,,,,,,,,,,,,,,,,,,,,,,,,,,,,,,,,,,,,,,,,,,,,,,,,,,,,,,,
2003-M-DC-2003-WG-M-CRO-ESP-01-c344-a385-RR,2003-M-DC-2003-WG-M-CRO-ESP-01,RR,5,,c344,Alex Corretja,ESP,28.981,a385,Mario Ancic,CRO,19.013,,,75 63,2,0,13,8,0,0,https://www.daviscup.com/cup/livescores/daviscup/M-DC-2003-WG-M-CRO-ESP-01_5.json,,,,,,,,,,,,,,,,,,,,,,,,,,,,,,,,,,,,,,,,,,,,,,,,,,,,,,,,,,,,,,,,,,,
2003-M-DC-2003-WG-M-CRO-ESP-01-c378-l360-RR,2003-M-DC-2003-WG-M-CRO-ESP-01,RR,4,,c378,Albert Costa,ESP,27.776,l360,Ivan Ljubicic,CRO,24.043,,,63 64,2,0,12,7,0,0,https://www.daviscup.com/cup/livescores/daviscup/M-DC-2003-WG-M-CRO-ESP-01_4.json,,,,,,,,,,,,,,,,,,,,,,,,,,,,,,,,,,,,,,,,,,,,,,,,,,,,,,,,,,,,,,,,,,,
2003-M-DC-2003-WG-M-CRO-ESP-01-f316-a385-RR,2003-M-DC-2003-WG-M-CRO-ESP-01,RR,1,,f316,Juan Carlos Ferrero,ESP,23.145,a385,Mario Ancic,CRO,19.013,,,64 62 76(1),3,0,19,12,1,0,https://www.daviscup.com/cup/livescores/daviscup/M-DC-2003-WG-M-CRO-ESP-01_1.json,,,,,,,,,,,,,,,,,,,,,,,,,,,,,,,,,,,,,,,,,,,,,,,,,,,,,,,,,,,,,,,,,,,
2003-M-DC-2003-WG-M-CRO-ESP-01-m605-l360-RR,2003-M-DC-2003-WG-M-CRO-ESP-01,RR,2,,m605,Carlos Moya,ESP,26.604,l360,Ivan Ljubicic,CRO,24.043,,,67(5) 61 64 64,3,1,24,16,0,1,https://www.daviscup.com/cup/livescores/daviscup/M-DC-2003-WG-M-CRO-ESP-01_2.json,,,,,,,,,,,,,,,,,,,,,,,,,,,,,,,,,,,,,,,,,,,,,,,,,,,,,,,,,,,,,,,,,,,
2003-M-DC-2003-WG-M-FRA-SUI-01-e140-b503-RR,2003-M-DC-2003-WG-M-FRA-SUI-01,RR,5,,e140,Nicolas Escude,FRA,27.002,b503,George Bastl,SUI,28.008,,,76(5) 57 76(3),2,1,19,19,2,0,https://www.daviscup.com/cup/livescores/daviscup/M-DC-2003-WG-M-FRA-SUI-01_5.json,,,,,,,,,,,,,,,,,,,,,,,,,,,,,,,,,,,,,,,,,,,,,,,,,,,,,,,,,,,,,,,,,,,
2003-M-DC-2003-WG-M-FRA-SUI-01-f324-e140-RR,2003-M-DC-2003-WG-M-FRA-SUI-01,RR,2,,f324,Roger Federer,SUI,21.655,e140,Nicolas Escude,FRA,27.002,,,64 75 62,3,0,19,11,0,0,https://www.daviscup.com/cup/livescores/daviscup/M-DC-2003-WG-M-FRA-SUI-01_2.json,,,,,,,,,,,,,,,,,,,,,,,,,,,,,,,,,,,,,,,,,,,,,,,,,,,,,,,,,,,,,,,,,,,
2003-M-DC-2003-WG-M-FRA-SUI-01-f324-s424-RR,2003-M-DC-2003-WG-M-FRA-SUI-01,RR,4,,f324,Roger Federer,SUI,21.655,s424,Fabrice Santoro,FRA,30.319,,,61 60 62,3,0,18,3,0,0,https://www.daviscup.com/cup/livescores/daviscup/M-DC-2003-WG-M-FRA-SUI-01_4.json,,,,,,,,,,,,,,,,,,,,,,,,,,,,,,,,,,,,,,,,,,,,,,,,,,,,,,,,,,,,,,,,,,,
2003-M-DC-2003-WG-M-FRA-SUI-01-g379-b503-RR,2003-M-DC-2003-WG-M-FRA-SUI-01,RR,1,,g379,Sebastien Grosjean,FRA,24.849,b503,George Bastl,SUI,28.008,,,63 64 36 63,3,1,21,16,0,0,https://www.daviscup.com/cup/livescores/daviscup/M-DC-2003-WG-M-FRA-SUI-01_1.json,,,,,,,,,,,,,,,,,,,,,,,,,,,,,,,,,,,,,,,,,,,,,,,,,,,,,,,,,,,,,,,,,,,
2003-M-DC-2003-G3-EA-B-A-M-MDA-LAT-01-g642-p693-RR,2003-M-DC-2003-G3-EA-B-A-M-MDA-LAT-01,RR,2,,g642,Andrei Gorban,MDA,19.895,p693,Deniss Pavlovs,LAT,20.155,,,76(6) 46 86,2,1,19,18,1,0,https://www.daviscup.com/cup/livescores/daviscup/M-DC-2003-G3-EA-B-A-M-MDA-LAT-01_2.json,,,,,,,,,,,,,,,,,,,,,,,,,,,,,,,,,,,,,,,,,,,,,,,,,,,,,,,,,,,,,,,,,,,
2003-M-DC-2003-G3-EA-B-A-M-MDA-LAT-01-j259-ca60-RR,2003-M-DC-2003-G3-EA-B-A-M-MDA-LAT-01,RR,1,,j259,Andis Juska,LAT,18.053,ca60,Andrei Ciumac,MDA,17.752,,,46 62 61,2,1,16,9,0,0,https://www.daviscup.com/cup/livescores/daviscup/M-DC-2003-G3-EA-B-A-M-MDA-LAT-01_1.json,,,,,,,,,,,,,,,,,,,,,,,,,,,,,,,,,,,,,,,,,,,,,,,,,,,,,,,,,,,,,,,,,,,
2003-M-DC-2003-G3-EA-B-B-M-CYP-TUR-01-b837-a402-RR,2003-M-DC-2003-G3-EA-B-B-M-CYP-TUR-01,RR,2,,b837,Marcos Baghdatis,CYP,17.983,a402,Haluk Akkoyun,TUR,22.129,,,63 60,2,0,12,3,0,0,https://www.daviscup.com/cup/livescores/daviscup/M-DC-2003-G3-EA-B-B-M-CYP-TUR-01_2.json,,,,,,,,,,,,,,,,,,,,,,,,,,,,,,,,,,,,,,,,,,,,,,,,,,,,,,,,,,,,,,,,,,,
2003-M-DC-2003-G3-EA-B-B-M-GEO-BIH-01-l439-r606-RR,2003-M-DC-2003-G3-EA-B-B-M-GEO-BIH-01,RR,2,,l439,Irakli Labadze,GEO,22.005,r606,Igor Racic,BIH,20.344,,,62 63,2,0,12,5,0,0,https://www.daviscup.com/cup/livescores/daviscup/M-DC-2003-G3-EA-B-B-M-GEO-BIH-01_2.json,,,,,,,,,,,,,,,,,,,,,,,,,,,,,,,,,,,,,,,,,,,,,,,,,,,,,,,,,,,,,,,,,,,
2003-M-DC-2003-G3-EA-B-B-M-CYP-BIH-01-b837-r606-RR,2003-M-DC-2003-G3-EA-B-B-M-CYP-BIH-01,RR,2,,b837,Marcos Baghdatis,CYP,17.986,r606,Igor Racic,BIH,20.346,,,61 63,2,0,12,4,0,0,https://www.daviscup.com/cup/livescores/daviscup/M-DC-2003-G3-EA-B-B-M-CYP-BIH-01_2.json,,,,,,,,,,,,,,,,,,,,,,,,,,,,,,,,,,,,,,,,,,,,,,,,,,,,,,,,,,,,,,,,,,,
2003-M-DC-2003-G3-EA-B-B-M-CYP-BIH-01-k528-d646-RR,2003-M-DC-2003-G3-EA-B-B-M-CYP-BIH-01,RR,1,,k528,Photos Kallias,CYP,19.266,d646,Ivan Dodig,CRO,18.443,,,62 61,2,0,12,3,0,0,https://www.daviscup.com/cup/livescores/daviscup/M-DC-2003-G3-EA-B-B-M-CYP-BIH-01_1.json,,,,,,,,,,,,,,,,,,,,,,,,,,,,,,,,,,,,,,,,,,,,,,,,,,,,,,,,,,,,,,,,,,,
2003-M-DC-2003-G3-EA-B-B-M-GEO-TUR-01-l439-a402-RR,2003-M-DC-2003-G3-EA-B-B-M-GEO-TUR-01,RR,2,,l439,Irakli Labadze,GEO,22.008,a402,Haluk Akkoyun,TUR,22.131,,,62 61,2,0,12,3,0,0,https://www.daviscup.com/cup/livescores/daviscup/M-DC-2003-G3-EA-B-B-M-GEO-TUR-01_2.json,,,,,,,,,,,,,,,,,,,,,,,,,,,,,,,,,,,,,,,,,,,,,,,,,,,,,,,,,,,,,,,,,,,
2003-M-DC-2003-G3-EA-B-A-M-MDA-AZE-01-a310-g642-RR,2003-M-DC-2003-G3-EA-B-A-M-MDA-AZE-01,RR,2,,a310,Emin Agaev,AZE,24.08,g642,Andrei Gorban,MDA,19.9,,,67(3) 64 61,2,1,18,12,0,1,https://www.daviscup.com/cup/livescores/daviscup/M-DC-2003-G3-EA-B-A-M-MDA-AZE-01_2.json,,,,,,,,,,,,,,,,,,,,,,,,,,,,,,,,,,,,,,,,,,,,,,,,,,,,,,,,,,,,,,,,,,,
2003-M-DC-2003-G3-EA-B-A-M-MKD-LAT-01-j259-s437-RR,2003-M-DC-2003-G3-EA-B-A-M-MKD-LAT-01,RR,1,,j259,Andis Juska,LAT,18.059,s437,Zoran Sevcenko,MKD,33.478,,,64 61,2,0,12,5,0,0,https://www.daviscup.com/cup/livescores/daviscup/M-DC-2003-G3-EA-B-A-M-MKD-LAT-01_1.json,,,,,,,,,,,,,,,,,,,,,,,,,,,,,,,,,,,,,,,,,,,,,,,,,,,,,,,,,,,,,,,,,,,
2003-M-DC-2003-G3-EA-B-B-M-GEO-CYP-01-l439-b837-RR,2003-M-DC-2003-G3-EA-B-B-M-GEO-CYP-01,RR,2,,l439,Irakli Labadze,GEO,22.01,b837,Marcos Baghdatis,CYP,17.989,,,36 63 64,2,1,15,13,0,0,https://www.daviscup.com/cup/livescores/daviscup/M-DC-2003-G3-EA-B-B-M-GEO-CYP-01_2.json,,,,,,,,,,,,,,,,,,,,,,,,,,,,,,,,,,,,,,,,,,,,,,,,,,,,,,,,,,,,,,,,,,,
2003-M-DC-2003-G3-EA-B-B-M-TUR-BIH-01-r606-a402-RR,2003-M-DC-2003-G3-EA-B-B-M-TUR-BIH-01,RR,2,,r606,Igor Racic,BIH,20.349,a402,Haluk Akkoyun,TUR,22.134,,,62 76(3),2,0,13,8,1,0,https://www.daviscup.com/cup/livescores/daviscup/M-DC-2003-G3-EA-B-B-M-TUR-BIH-01_2.json,,,,,,,,,,,,,,,,,,,,,,,,,,,,,,,,,,,,,,,,,,,,,,,,,,,,,,,,,,,,,,,,,,,
2003-M-DC-2003-G3-EA-B-PP1-4-CYP-LAT-01-j259-k528-RR,2003-M-DC-2003-G3-EA-B-PP1-4-CYP-LAT-01,RR,1,,j259,Andis Juska,LAT,18.061,k528,Photos Kallias,CYP,19.271,,,76(10) 62,2,0,13,8,1,0,https://www.daviscup.com/cup/livescores/daviscup/M-DC-2003-G3-EA-B-PP1-4-CYP-LAT-01_1.json,,,,,,,,,,,,,,,,,,,,,,,,,,,,,,,,,,,,,,,,,,,,,,,,,,,,,,,,,,,,,,,,,,,
2003-M-DC-2003-G3-EA-B-PP1-4-GEO-AZE-01-l439-a310-RR,2003-M-DC-2003-G3-EA-B-PP1-4-GEO-AZE-01,RR,2,(RET),l439,Irakli Labadze,GEO,22.013,a310,Emin Agaev,AZE,24.083,,,10 Retired,,,,,,,https://www.daviscup.com/cup/livescores/daviscup/M-DC-2003-G3-EA-B-PP1-4-GEO-AZE-01_2.json,,,,,,,,,,,,,,,,,,,,,,,,,,,,,,,,,,,,,,,,,,,,,,,,,,,,,,,,,,,,,,,,,,,
2003-M-DC-2003-G3-EA-B-PP5-8-BIH-MDA-01-ca60-k739-RR,2003-M-DC-2003-G3-EA-B-PP5-8-BIH-MDA-01,RR,1,,ca60,Andrei Ciumac,MDA,17.76,k739,Zlatan Kadric,BIH,16.669,,,26 75 64,2,1,15,15,0,0,https://www.daviscup.com/cup/livescores/daviscup/M-DC-2003-G3-EA-B-PP5-8-BIH-MDA-01_1.json,,,,,,,,,,,,,,,,,,,,,,,,,,,,,,,,,,,,,,,,,,,,,,,,,,,,,,,,,,,,,,,,,,,
2003-M-DC-2003-G3-EA-B-PP5-8-BIH-MDA-01-g642-r606-RR,2003-M-DC-2003-G3-EA-B-PP5-8-BIH-MDA-01,RR,2,,g642,Andrei Gorban,MDA,19.903,r606,Igor Racic,BIH,20.352,,,76(10) 64,2,0,13,10,1,0,https://www.daviscup.com/cup/livescores/daviscup/M-DC-2003-G3-EA-B-PP5-8-BIH-MDA-01_2.json,,,,,,,,,,,,,,,,,,,,,,,,,,,,,,,,,,,,,,,,,,,,,,,,,,,,,,,,,,,,,,,,,,,
2003-M-DC-2003-G3-EA-B-PP5-8-BIH-MKD-01-g580-k739-RR,2003-M-DC-2003-G3-EA-B-PP5-8-BIH-MKD-01,RR,2,,g580,Dimitar Grabul,MKD,21.61,k739,Zlatan Kadric,BIH,16.672,,,64 76(3),2,0,13,10,1,0,https://www.daviscup.com/cup/livescores/daviscup/M-DC-2003-G3-EA-B-PP5-8-BIH-MKD-01_2.json,,,,,,,,,,,,,,,,,,,,,,,,,,,,,,,,,,,,,,,,,,,,,,,,,,,,,,,,,,,,,,,,,,,
2003-M-DC-2003-G3-EA-B-PP5-8-TUR-MDA-01-a402-g642-RR,2003-M-DC-2003-G3-EA-B-PP5-8-TUR-MDA-01,RR,2,,a402,Haluk Akkoyun,TUR,22.139,g642,Andrei Gorban,MDA,19.905,,,64 36 63,2,1,15,13,0,0,https://www.daviscup.com/cup/livescores/daviscup/M-DC-2003-G3-EA-B-PP5-8-TUR-MDA-01_2.json,,,,,,,,,,,,,,,,,,,,,,,,,,,,,,,,,,,,,,,,,,,,,,,,,,,,,,,,,,,,,,,,,,,
2003-M-DC-2003-G3-EA-B-PP5-8-TUR-MDA-01-t321-mf71-RR,2003-M-DC-2003-G3-EA-B-PP5-8-TUR-MDA-01,RR,1,,t321,Esat Tanik,TUR,22.615,mf71,Denys Molchanov,UKR,16.08,,,61 26 1412,2,1,22,19,0,0,https://www.daviscup.com/cup/livescores/daviscup/M-DC-2003-G3-EA-B-PP5-8-TUR-MDA-01_1.json,,,,,,,,,,,,,,,,,,,,,,,,,,,,,,,,,,,,,,,,,,,,,,,,,,,,,,,,,,,,,,,,,,,
2003-M-DC-2003-G4-EA-B-PP1-4-SMR-ISL-01-sh23-v667-RR,2003-M-DC-2003-G4-EA-B-PP1-4-SMR-ISL-01,RR,2,,sh23,Arnar Sigurdsson,ISL,21.559,v667,Domenico Vicini,SMR,31.787,,,61 75,2,0,13,6,0,0,https://www.daviscup.com/cup/livescores/daviscup/M-DC-2003-G4-EA-B-PP1-4-SMR-ISL-01_2.json,,,,,,,,,,,,,,,,,,,,,,,,,,,,,,,,,,,,,,,,,,,,,,,,,,,,,,,,,,,,,,,,,,,
2003-M-DC-2003-G1-AMN-REL-VEN-CHI-01-d353-r286-RR,2003-M-DC-2003-G1-AMN-REL-VEN-CHI-01,RR,2,,d353,Jose De Armas,VEN,22.295,r286,Marcelo Rios,CHI,27.543,,,75 62 36 36 86,3,2,27,25,0,0,https://www.daviscup.com/cup/livescores/daviscup/M-DC-2003-G1-AMN-REL-VEN-CHI-01_2.json,,,,,,,,,,,,,,,,,,,,,,,,,,,,,,,,,,,,,,,,,,,,,,,,,,,,,,,,,,,,,,,,,,,
2003-M-DC-2003-G1-AMN-REL-VEN-CHI-01-g415-d353-RR,2003-M-DC-2003-G1-AMN-REL-VEN-CHI-01,RR,4,,g415,Fernando Gonzalez,CHI,22.951,d353,Jose De Armas,VEN,22.295,,,64 64 64,3,0,18,12,0,0,https://www.daviscup.com/cup/livescores/daviscup/M-DC-2003-G1-AMN-REL-VEN-CHI-01_4.json,,,,,,,,,,,,,,,,,,,,,,,,,,,,,,,,,,,,,,,,,,,,,,,,,,,,,,,,,,,,,,,,,,,
2003-M-DC-2003-G1-AMN-REL-VEN-CHI-01-g415-k338-RR,2003-M-DC-2003-G1-AMN-REL-VEN-CHI-01,RR,1,,g415,Fernando Gonzalez,CHI,22.951,k338,Kepler Orellana,VEN,25.758,,,64 62 75,3,0,19,11,0,0,https://www.daviscup.com/cup/livescores/daviscup/M-DC-2003-G1-AMN-REL-VEN-CHI-01_1.json,,,,,,,,,,,,,,,,,,,,,,,,,,,,,,,,,,,,,,,,,,,,,,,,,,,,,,,,,,,,,,,,,,,
2003-M-DC-2003-G1-AMN-REL-VEN-CHI-01-k338-r286-RR,2003-M-DC-2003-G1-AMN-REL-VEN-CHI-01,RR,5,(RET),k338,Kepler Orellana,VEN,25.758,r286,Marcelo Rios,CHI,27.543,,,76(4) Retired,,,,,,,https://www.daviscup.com/cup/livescores/daviscup/M-DC-2003-G1-AMN-REL-VEN-CHI-01_5.json,,,,,,,,,,,,,,,,,,,,,,,,,,,,,,,,,,,,,,,,,,,,,,,,,,,,,,,,,,,,,,,,,,,
2003-M-DC-2003-G1-EA-REL-FIN-NOR-01-n289-b741-RR,2003-M-DC-2003-G1-EA-REL-FIN-NOR-01,RR,1,(RET),n289,Jarkko Nieminen,FIN,21.967,b741,Stian Boretti,NOR,21.559,,,61 51 Retired,,,,,,,https://www.daviscup.com/cup/livescores/daviscup/M-DC-2003-G1-EA-REL-FIN-NOR-01_1.json,,,,,,,,,,,,,,,,,,,,,,,,,,,,,,,,,,,,,,,,,,,,,,,,,,,,,,,,,,,,,,,,,,,
2003-M-DC-2003-G2-EA-M-BUL-YUG-01-p642-e168-RR,2003-M-DC-2003-G2-EA-M-BUL-YUG-01,RR,5,,p642,Boris Pashanski,SRB,20.688,e168,Todor Enev,BUL,21.424,,,62 64,2,0,12,6,0,0,https://www.daviscup.com/cup/livescores/daviscup/M-DC-2003-G2-EA-M-BUL-YUG-01_5.json,,,,,,,,,,,,,,,,,,,,,,,,,,,,,,,,,,,,,,,,,,,,,,,,,,,,,,,,,,,,,,,,,,,
2003-M-DC-2003-G2-EA-M-BUL-YUG-01-t742-k581-RR,2003-M-DC-2003-G2-EA-M-BUL-YUG-01,RR,1,,t742,Janko Tipsarevic,SRB,19.053,k581,Ilia Kushev,BUL,22.577,,,63 16 62 63,3,1,19,14,0,0,https://www.daviscup.com/cup/livescores/daviscup/M-DC-2003-G2-EA-M-BUL-YUG-01_1.json,,,,,,,,,,,,,,,,,,,,,,,,,,,,,,,,,,,,,,,,,,,,,,,,,,,,,,,,,,,,,,,,,,,
2003-M-DC-2003-G2-EA-M-IRL-GRE-01-e160-c526-RR,2003-M-DC-2003-G2-EA-M-IRL-GRE-01,RR,1,,e160,Konstantinos Economidis,GRE,25.69,c526,Peter Clarke,IRL,24.008,,,76(2) 63 64,3,0,19,13,1,0,https://www.daviscup.com/cup/livescores/daviscup/M-DC-2003-G2-EA-M-IRL-GRE-01_1.json,,,,,,,,,,,,,,,,,,,,,,,,,,,,,,,,,,,,,,,,,,,,,,,,,,,,,,,,,,,,,,,,,,,
2003-M-DC-2003-G2-EA-M-IRL-GRE-01-m854-n349-RR,2003-M-DC-2003-G2-EA-M-IRL-GRE-01,RR,2,,m854,Vasilis Mazarakis,GRE,23.422,n349,Conor Niland,IRL,21.811,,,62 26 67(1) 61 63,3,2,26,19,0,1,https://www.daviscup.com/cup/livescores/daviscup/M-DC-2003-G2-EA-M-IRL-GRE-01_2.json,,,,,,,,,,,,,,,,,,,,,,,,,,,,,,,,,,,,,,,,,,,,,,,,,,,,,,,,,,,,,,,,,,,
2003-M-DC-2003-G2-EA-M-IRL-GRE-01-p350-n349-RR,2003-M-DC-2003-G2-EA-M-IRL-GRE-01,RR,5,,p350,Solon Peppas,GRE,28.712,n349,Conor Niland,IRL,21.811,,,63 46 64,2,1,16,13,0,0,https://www.daviscup.com/cup/livescores/daviscup/M-DC-2003-G2-EA-M-IRL-GRE-01_5.json,,,,,,,,,,,,,,,,,,,,,,,,,,,,,,,,,,,,,,,,,,,,,,,,,,,,,,,,,,,,,,,,,,,
2003-M-DC-2003-G2-EA-M-IRL-GRE-01-r365-d395-RR,2003-M-DC-2003-G2-EA-M-IRL-GRE-01,RR,4,(RET),r365,Nikos Rovas,GRE,25.809,d395,John Doran,IRL,25.153,,,46 54 Retired,,,,,,,https://www.daviscup.com/cup/livescores/daviscup/M-DC-2003-G2-EA-M-IRL-GRE-01_4.json,,,,,,,,,,,,,,,,,,,,,,,,,,,,,,,,,,,,,,,,,,,,,,,,,,,,,,,,,,,,,,,,,,,
2003-M-DC-2003-G2-EA-M-POR-RSA-01-d424-l341-RR,2003-M-DC-2003-G2-EA-M-POR-RSA-01,RR,1,,d424,Rik De Voest,RSA,23.099,l341,Helder Lopes,POR,25.927,,,76(3) 61 64,3,0,19,11,1,0,https://www.daviscup.com/cup/livescores/daviscup/M-DC-2003-G2-EA-M-POR-RSA-01_1.json,,,,,,,,,,,,,,,,,,,,,,,,,,,,,,,,,,,,,,,,,,,,,,,,,,,,,,,,,,,,,,,,,,,
2003-M-DC-2003-G2-EA-M-POR-RSA-01-d424-t771-RR,2003-M-DC-2003-G2-EA-M-POR-RSA-01,RR,5,,d424,Rik De Voest,RSA,23.099,t771,Leonardo Tavares,POR,19.392,,,61 64,2,0,12,5,0,0,https://www.daviscup.com/cup/livescores/daviscup/M-DC-2003-G2-EA-M-POR-RSA-01_5.json,,,,,,,,,,,,,,,,,,,,,,,,,,,,,,,,,,,,,,,,,,,,,,,,,,,,,,,,,,,,,,,,,,,
2003-M-DC-2003-G2-EA-M-POR-RSA-01-m759-ma49-RR,2003-M-DC-2003-G2-EA-M-POR-RSA-01,RR,4,,m759,Wesley Moodie,RSA,24.408,ma49,Rui Machado,POR,19.252,,,26 61 62,2,1,14,9,0,0,https://www.daviscup.com/cup/livescores/daviscup/M-DC-2003-G2-EA-M-POR-RSA-01_4.json,,,,,,,,,,,,,,,,,,,,,,,,,,,,,,,,,,,,,,,,,,,,,,,,,,,,,,,,,,,,,,,,,,,
2003-M-DC-2003-G2-EA-M-POR-RSA-01-m759-t771-RR,2003-M-DC-2003-G2-EA-M-POR-RSA-01,RR,2,,m759,Wesley Moodie,RSA,24.408,t771,Leonardo Tavares,POR,19.392,,,63 64 16 76(7),3,1,20,19,1,0,https://www.daviscup.com/cup/livescores/daviscup/M-DC-2003-G2-EA-M-POR-RSA-01_2.json,,,,,,,,,,,,,,,,,,,,,,,,,,,,,,,,,,,,,,,,,,,,,,,,,,,,,,,,,,,,,,,,,,,
2003-M-DC-2003-G2-EA-M-SLO-DEN-01-c328-o189-RR,2003-M-DC-2003-G2-EA-M-SLO-DEN-01,RR,1,,c328,Kenneth Carlsen,DEN,30.233,o189,Bostjan Osabnik,SLO,20.927,,,64 75 64,3,0,19,13,0,0,https://www.daviscup.com/cup/livescores/daviscup/M-DC-2003-G2-EA-M-SLO-DEN-01_1.json,,,,,,,,,,,,,,,,,,,,,,,,,,,,,,,,,,,,,,,,,,,,,,,,,,,,,,,,,,,,,,,,,,,
2003-M-DC-2003-G2-EA-M-SLO-DEN-01-c328-t264-RR,2003-M-DC-2003-G2-EA-M-SLO-DEN-01,RR,4,,c328,Kenneth Carlsen,DEN,30.233,t264,Marko Tkalec,SLO,26.317,,,62 62 64,3,0,18,8,0,0,https://www.daviscup.com/cup/livescores/daviscup/M-DC-2003-G2-EA-M-SLO-DEN-01_4.json,,,,,,,,,,,,,,,,,,,,,,,,,,,,,,,,,,,,,,,,,,,,,,,,,,,,,,,,,,,,,,,,,,,
2003-M-DC-2003-G2-EA-REL-EGY-AND-01-j159-m917-RR,2003-M-DC-2003-G2-EA-REL-EGY-AND-01,RR,1,,j159,Joan Jimenez-Guerra,AND,25.465,m917,Mohamed Mamoun,EGY,21.739,,,63 36 63 76(3),3,1,22,18,1,0,https://www.daviscup.com/cup/livescores/daviscup/M-DC-2003-G2-EA-REL-EGY-AND-01_1.json,,,,,,,,,,,,,,,,,,,,,,,,,,,,,,,,,,,,,,,,,,,,,,,,,,,,,,,,,,,,,,,,,,,
2003-M-DC-2003-G2-EA-REL-EGY-AND-01-m744-j159-RR,2003-M-DC-2003-G2-EA-REL-EGY-AND-01,RR,4,,m744,Karim Maamoun,EGY,23.647,j159,Joan Jimenez-Guerra,AND,25.465,,,46 76(2) 67(6) 64 86,3,2,31,29,1,1,https://www.daviscup.com/cup/livescores/daviscup/M-DC-2003-G2-EA-REL-EGY-AND-01_4.json,,,,,,,,,,,,,,,,,,,,,,,,,,,,,,,,,,,,,,,,,,,,,,,,,,,,,,,,,,,,,,,,,,,
2003-M-DC-2003-G2-EA-REL-EGY-AND-01-m744-t779-RR,2003-M-DC-2003-G2-EA-REL-EGY-AND-01,RR,2,,m744,Karim Maamoun,EGY,23.647,t779,Kenneth Tuilier-Curco,AND,20.01,,,62 60 67(0) 61,3,1,24,10,0,1,https://www.daviscup.com/cup/livescores/daviscup/M-DC-2003-G2-EA-REL-EGY-AND-01_2.json,,,,,,,,,,,,,,,,,,,,,,,,,,,,,,,,,,,,,,,,,,,,,,,,,,,,,,,,,,,,,,,,,,,
2003-M-DC-2003-G2-EA-REL-MON-POL-01-d239-c510-RR,2003-M-DC-2003-G2-EA-REL-MON-POL-01,RR,2,,d239,Bartlomiej Dabrowski,POL,30.892,c510,Guillaume Couillard,MON,27.586,,,64 63 62,3,0,18,9,0,0,https://www.daviscup.com/cup/livescores/daviscup/M-DC-2003-G2-EA-REL-MON-POL-01_2.json,,,,,,,,,,,,,,,,,,,,,,,,,,,,,,,,,,,,,,,,,,,,,,,,,,,,,,,,,,,,,,,,,,,
2003-M-DC-2003-G2-EA-REL-UKR-CIV-01-t333-s802-RR,2003-M-DC-2003-G2-EA-REL-UKR-CIV-01,RR,2,,t333,Orest Tereshchuk,UKR,21.897,s802,Valentin Sanon,CIV,23.142,,,61 63 63,3,0,18,7,0,0,https://www.daviscup.com/cup/livescores/daviscup/M-DC-2003-G2-EA-REL-UKR-CIV-01_2.json,,,,,,,,,,,,,,,,,,,,,,,,,,,,,,,,,,,,,,,,,,,,,,,,,,,,,,,,,,,,,,,,,,,
2003-M-DC-2003-G2-EA-REL-UKR-CIV-01-y047-s802-RR,2003-M-DC-2003-G2-EA-REL-UKR-CIV-01,RR,5,,y047,Sergei Yaroshenko,UKR,26.263,s802,Valentin Sanon,CIV,23.142,,,46 64 26 63 63,3,2,24,22,0,0,https://www.daviscup.com/cup/livescores/daviscup/M-DC-2003-G2-EA-REL-UKR-CIV-01_5.json,,,,,,,,,,,,,,,,,,,,,,,,,,,,,,,,,,,,,,,,,,,,,,,,,,,,,,,,,,,,,,,,,,,
2003-M-DC-2003-G1-AMN-REL-VEN-BAH-01-k338-mc19-RR,2003-M-DC-2003-G1-AMN-REL-VEN-BAH-01,RR,1,,k338,Kepler Orellana,VEN,25.946,mc19,Devin Mullings,BAH,17.956,,,63 61 61,3,0,18,5,0,0,https://www.daviscup.com/cup/livescores/daviscup/M-DC-2003-G1-AMN-REL-VEN-BAH-01_1.json,,,,,,,,,,,,,,,,,,,,,,,,,,,,,,,,,,,,,,,,,,,,,,,,,,,,,,,,,,,,,,,,,,,
2003-M-DC-2003-G1-AO-REL-PAK-KOR-01-k417-k425-RR,2003-M-DC-2003-G1-AO-REL-PAK-KOR-01,RR,2,,k417,Young-Jun Kim,KOR,23.572,k425,Aqeel Khan,PAK,23.637,,,76(17) 46 63 76(8),3,1,24,21,2,0,https://www.daviscup.com/cup/livescores/daviscup/M-DC-2003-G1-AO-REL-PAK-KOR-01_2.json,,,,,,,,,,,,,,,,,,,,,,,,,,,,,,,,,,,,,,,,,,,,,,,,,,,,,,,,,,,,,,,,,,,
2003-M-DC-2003-G1-EA-REL-LUX-NOR-01-k572-k307-RR,2003-M-DC-2003-G1-EA-REL-LUX-NOR-01,RR,4,(RET),k572,Gilles Kremer,LUX,22.177,k307,Helge Koll,NOR,28.301,,,64 Retired,,,,,,,https://www.daviscup.com/cup/livescores/daviscup/M-DC-2003-G1-EA-REL-LUX-NOR-01_4.json,,,,,,,,,,,,,,,,,,,,,,,,,,,,,,,,,,,,,,,,,,,,,,,,,,,,,,,,,,,,,,,,,,,
2003-M-DC-2003-G1-EA-REL-LUX-NOR-01-ma30-b741-RR,2003-M-DC-2003-G1-EA-REL-LUX-NOR-01,RR,1,,ma30,Gilles Muller,LUX,20.36,b741,Stian Boretti,NOR,21.747,,,63 76(3) 26 63,3,1,21,18,1,0,https://www.daviscup.com/cup/livescores/daviscup/M-DC-2003-G1-EA-REL-LUX-NOR-01_1.json,,,,,,,,,,,,,,,,,,,,,,,,,,,,,,,,,,,,,,,,,,,,,,,,,,,,,,,,,,,,,,,,,,,
2003-M-DC-2003-G1-EA-REL-ZIM-ITA-01-b499-s480-RR,2003-M-DC-2003-G1-EA-REL-ZIM-ITA-01,RR,2,,b499,Wayne Black,ZIM,29.846,s480,Davide Sanguinetti,ITA,31.067,,,76(2) 61 63,3,0,19,10,1,0,https://www.daviscup.com/cup/livescores/daviscup/M-DC-2003-G1-EA-REL-ZIM-ITA-01_2.json,,,,,,,,,,,,,,,,,,,,,,,,,,,,,,,,,,,,,,,,,,,,,,,,,,,,,,,,,,,,,,,,,,,
2003-M-DC-2003-G1-EA-REL-ZIM-ITA-01-u024-v254-RR,2003-M-DC-2003-G1-EA-REL-ZIM-ITA-01,RR,1,,u024,Kevin Ullyett,ZIM,31.322,v254,Filippo Volandri,ITA,22.037,,,46 75 63 76(5),3,1,24,20,1,0,https://www.daviscup.com/cup/livescores/daviscup/M-DC-2003-G1-EA-REL-ZIM-ITA-01_1.json,,,,,,,,,,,,,,,,,,,,,,,,,,,,,,,,,,,,,,,,,,,,,,,,,,,,,,,,,,,,,,,,,,,
2003-M-DC-2003-G2-AMN-M-PAR-DOM-01-d316-e224-RR,2003-M-DC-2003-G2-AMN-M-PAR-DOM-01,RR,4,,d316,Ramon Delgado,PAR,26.846,e224,Victor Estrella Burgos,DOM,23.129,,,62 62 61,3,0,18,5,0,0,https://www.daviscup.com/cup/livescores/daviscup/M-DC-2003-G2-AMN-M-PAR-DOM-01_4.json,,,,,,,,,,,,,,,,,,,,,,,,,,,,,,,,,,,,,,,,,,,,,,,,,,,,,,,,,,,,,,,,,,,
2003-M-DC-2003-G2-AMN-M-PAR-DOM-01-d316-g166-RR,2003-M-DC-2003-G2-AMN-M-PAR-DOM-01,RR,2,,d316,Ramon Delgado,PAR,26.846,g166,Jhonson Garcia,DOM,22.965,,,61 62 64,3,0,18,7,0,0,https://www.daviscup.com/cup/livescores/daviscup/M-DC-2003-G2-AMN-M-PAR-DOM-01_2.json,,,,,,,,,,,,,,,,,,,,,,,,,,,,,,,,,,,,,,,,,,,,,,,,,,,,,,,,,,,,,,,,,,,
2003-M-DC-2003-G2-EA-M-RSA-DEN-01-c328-f196-RR,2003-M-DC-2003-G2-EA-M-RSA-DEN-01,RR,4,,c328,Kenneth Carlsen,DEN,30.422,f196,Wayne Ferreira,RSA,32.01,,,61 76(5) 62,3,0,19,9,1,0,https://www.daviscup.com/cup/livescores/daviscup/M-DC-2003-G2-EA-M-RSA-DEN-01_4.json,,,,,,,,,,,,,,,,,,,,,,,,,,,,,,,,,,,,,,,,,,,,,,,,,,,,,,,,,,,,,,,,,,,
2003-M-DC-2003-G2-EA-M-RSA-DEN-01-c328-m759-RR,2003-M-DC-2003-G2-EA-M-RSA-DEN-01,RR,2,,c328,Kenneth Carlsen,DEN,30.422,m759,Wesley Moodie,RSA,24.596,,,67(1) 76(3) 63 64,3,1,25,20,1,1,https://www.daviscup.com/cup/livescores/daviscup/M-DC-2003-G2-EA-M-RSA-DEN-01_2.json,,,,,,,,,,,,,,,,,,,,,,,,,,,,,,,,,,,,,,,,,,,,,,,,,,,,,,,,,,,,,,,,,,,
2003-M-DC-2003-G2-EA-M-RSA-DEN-01-f196-f206-RR,2003-M-DC-2003-G2-EA-M-RSA-DEN-01,RR,1,,f196,Wayne Ferreira,RSA,32.01,f206,Frederik Fetterlein,DEN,33.188,,,61 61 76(3),3,0,19,8,1,0,https://www.daviscup.com/cup/livescores/daviscup/M-DC-2003-G2-EA-M-RSA-DEN-01_1.json,,,,,,,,,,,,,,,,,,,,,,,,,,,,,,,,,,,,,,,,,,,,,,,,,,,,,,,,,,,,,,,,,,,
2003-M-DC-2003-G2-EA-M-RSA-DEN-01-m759-n390-RR,2003-M-DC-2003-G2-EA-M-RSA-DEN-01,RR,5,,m759,Wesley Moodie,RSA,24.596,n390,Frederik Nielsen,DEN,20.061,,,64 64 64,3,0,18,12,0,0,https://www.daviscup.com/cup/livescores/daviscup/M-DC-2003-G2-EA-M-RSA-DEN-01_5.json,,,,,,,,,,,,,,,,,,,,,,,,,,,,,,,,,,,,,,,,,,,,,,,,,,,,,,,,,,,,,,,,,,,
2003-M-DC-2003-G2-EA-M-YUG-GRE-01-e160-p642-RR,2003-M-DC-2003-G2-EA-M-YUG-GRE-01,RR,2,,e160,Konstantinos Economidis,GRE,25.879,p642,Boris Pashanski,SRB,20.876,,,62 64 62,3,0,18,8,0,0,https://www.daviscup.com/cup/livescores/daviscup/M-DC-2003-G2-EA-M-YUG-GRE-01_2.json,,,,,,,,,,,,,,,,,,,,,,,,,,,,,,,,,,,,,,,,,,,,,,,,,,,,,,,,,,,,,,,,,,,
2003-M-DC-2003-G2-EA-M-YUG-GRE-01-e160-t742-RR,2003-M-DC-2003-G2-EA-M-YUG-GRE-01,RR,4,,e160,Konstantinos Economidis,GRE,25.879,t742,Janko Tipsarevic,SRB,19.241,,,60 76(6) 64,3,0,19,10,1,0,https://www.daviscup.com/cup/livescores/daviscup/M-DC-2003-G2-EA-M-YUG-GRE-01_4.json,,,,,,,,,,,,,,,,,,,,,,,,,,,,,,,,,,,,,,,,,,,,,,,,,,,,,,,,,,,,,,,,,,,
2003-M-DC-2003-G2-EA-M-YUG-GRE-01-p642-j206-RR,2003-M-DC-2003-G2-EA-M-YUG-GRE-01,RR,5,,p642,Boris Pashanski,SRB,20.876,j206,Alexandros Jakupovic,GRE,21.763,,,64 63,2,0,12,7,0,0,https://www.daviscup.com/cup/livescores/daviscup/M-DC-2003-G2-EA-M-YUG-GRE-01_5.json,,,,,,,,,,,,,,,,,,,,,,,,,,,,,,,,,,,,,,,,,,,,,,,,,,,,,,,,,,,,,,,,,,,
2003-M-DC-2003-G2-EA-M-YUG-GRE-01-t742-p350-RR,2003-M-DC-2003-G2-EA-M-YUG-GRE-01,RR,1,,t742,Janko Tipsarevic,SRB,19.241,p350,Solon Peppas,GRE,28.9,,,36 63 62 26 63,3,2,23,20,0,0,https://www.daviscup.com/cup/livescores/daviscup/M-DC-2003-G2-EA-M-YUG-GRE-01_1.json,,,,,,,,,,,,,,,,,,,,,,,,,,,,,,,,,,,,,,,,,,,,,,,,,,,,,,,,,,,,,,,,,,,
2003-M-DC-2003-WG-M-ESP-ARG-01-c478-f316-RR,2003-M-DC-2003-WG-M-ESP-ARG-01,RR,4,,c478,Agustin Calleri,ARG,27.013,f316,Juan Carlos Ferrero,ESP,23.602,,,64 75 61,3,0,19,10,0,0,https://www.daviscup.com/cup/livescores/daviscup/M-DC-2003-WG-M-ESP-ARG-01_4.json,,,,,,,,,,,,,,,,,,,,,,,,,,,,,,,,,,,,,,,,,,,,,,,,,,,,,,,,,,,,,,,,,,,
2003-M-DC-2003-WG-M-ESP-ARG-01-f316-g374-RR,2003-M-DC-2003-WG-M-ESP-ARG-01,RR,1,,f316,Juan Carlos Ferrero,ESP,23.602,g374,Gaston Gaudio,ARG,24.776,,,64 60 60,3,0,18,4,0,0,https://www.daviscup.com/cup/livescores/daviscup/M-DC-2003-WG-M-ESP-ARG-01_1.json,,,,,,,,,,,,,,,,,,,,,,,,,,,,,,,,,,,,,,,,,,,,,,,,,,,,,,,,,,,,,,,,,,,
2003-M-DC-2003-WG-M-ESP-ARG-01-m605-g374-RR,2003-M-DC-2003-WG-M-ESP-ARG-01,RR,5,,m605,Carlos Moya,ESP,27.061,g374,Gaston Gaudio,ARG,24.776,,,61 64 62,3,0,18,7,0,0,https://www.daviscup.com/cup/livescores/daviscup/M-DC-2003-WG-M-ESP-ARG-01_5.json,,,,,,,,,,,,,,,,,,,,,,,,,,,,,,,,,,,,,,,,,,,,,,,,,,,,,,,,,,,,,,,,,,,
2003-M-DC-2003-WG-M-ESP-ARG-01-m605-z073-RR,2003-M-DC-2003-WG-M-ESP-ARG-01,RR,2,,m605,Carlos Moya,ESP,27.061,z073,Mariano Zabaleta,ARG,25.559,,,57 26 62 60 61,3,2,25,16,0,0,https://www.daviscup.com/cup/livescores/daviscup/M-DC-2003-WG-M-ESP-ARG-01_2.json,,,,,,,,,,,,,,,,,,,,,,,,,,,,,,,,,,,,,,,,,,,,,,,,,,,,,,,,,,,,,,,,,,,
2003-M-DC-2003-WG-M-SUI-AUS-01-f324-p338-RR,2003-M-DC-2003-WG-M-SUI-AUS-01,RR,2,,f324,Roger Federer,SUI,22.112,p338,Mark Philippoussis,AUS,26.865,,,63 64 76(3),3,0,19,13,1,0,https://www.daviscup.com/cup/livescores/daviscup/M-DC-2003-WG-M-SUI-AUS-01_2.json,,,,,,,,,,,,,,,,,,,,,,,,,,,,,,,,,,,,,,,,,,,,,,,,,,,,,,,,,,,,,,,,,,,
2003-M-DC-2003-WG-M-SUI-AUS-01-h432-f324-RR,2003-M-DC-2003-WG-M-SUI-AUS-01,RR,4,,h432,Lleyton Hewitt,AUS,22.569,f324,Roger Federer,SUI,22.112,,,57 26 76(4) 75 61,3,2,27,25,1,0,https://www.daviscup.com/cup/livescores/daviscup/M-DC-2003-WG-M-SUI-AUS-01_4.json,,,,,,,,,,,,,,,,,,,,,,,,,,,,,,,,,,,,,,,,,,,,,,,,,,,,,,,,,,,,,,,,,,,
2003-M-DC-2003-WG-M-SUI-AUS-01-h432-k319-RR,2003-M-DC-2003-WG-M-SUI-AUS-01,RR,1,,h432,Lleyton Hewitt,AUS,22.569,k319,Michel Kratochvil,SUI,24.448,,,64 64 61,3,0,18,9,0,0,https://www.daviscup.com/cup/livescores/daviscup/M-DC-2003-WG-M-SUI-AUS-01_1.json,,,,,,,,,,,,,,,,,,,,,,,,,,,,,,,,,,,,,,,,,,,,,,,,,,,,,,,,,,,,,,,,,,,
2003-M-DC-2003-WG-M-SUI-AUS-01-k319-w136-RR,2003-M-DC-2003-WG-M-SUI-AUS-01,RR,5,(RET),k319,Michel Kratochvil,SUI,24.448,w136,Todd Woodbridge,AUS,32.462,,,64 Retired,,,,,,,https://www.daviscup.com/cup/livescores/daviscup/M-DC-2003-WG-M-SUI-AUS-01_5.json,,,,,,,,,,,,,,,,,,,,,,,,,,,,,,,,,,,,,,,,,,,,,,,,,,,,,,,,,,,,,,,,,,,
2003-M-DC-2003-WG-PO-BEL-AUT-01-k310-r336-RR,2003-M-DC-2003-WG-PO-BEL-AUT-01,RR,1,,k310,Stefan Koubek,AUT,26.712,r336,Christophe Rochus,BEL,24.76,,,62 64 61,3,0,18,7,0,0,https://www.daviscup.com/cup/livescores/daviscup/M-DC-2003-WG-PO-BEL-AUT-01_1.json,,,,,,,,,,,,,,,,,,,,,,,,,,,,,,,,,,,,,,,,,,,,,,,,,,,,,,,,,,,,,,,,,,,
2003-M-DC-2003-WG-PO-BEL-AUT-01-k310-r397-RR,2003-M-DC-2003-WG-PO-BEL-AUT-01,RR,4,,k310,Stefan Koubek,AUT,26.712,r397,Olivier Rochus,BEL,22.669,,,67(4) 62 75 46 63,3,2,29,23,0,1,https://www.daviscup.com/cup/livescores/daviscup/M-DC-2003-WG-PO-BEL-AUT-01_4.json,,,,,,,,,,,,,,,,,,,,,,,,,,,,,,,,,,,,,,,,,,,,,,,,,,,,,,,,,,,,,,,,,,,
2003-M-DC-2003-WG-PO-BEL-AUT-01-m762-r397-RR,2003-M-DC-2003-WG-PO-BEL-AUT-01,RR,2,,m762,Jurgen Melzer,AUT,22.325,r397,Olivier Rochus,BEL,22.669,,,61 76(4) 57 26 61,3,2,26,21,1,0,https://www.daviscup.com/cup/livescores/daviscup/M-DC-2003-WG-PO-BEL-AUT-01_2.json,,,,,,,,,,,,,,,,,,,,,,,,,,,,,,,,,,,,,,,,,,,,,,,,,,,,,,,,,,,,,,,,,,,
2003-M-DC-2003-WG-PO-BEL-AUT-01-v309-m762-RR,2003-M-DC-2003-WG-PO-BEL-AUT-01,RR,5,,v309,Kristof Vliegen,BEL,21.241,m762,Jurgen Melzer,AUT,22.325,,,75 64,2,0,13,9,0,0,https://www.daviscup.com/cup/livescores/daviscup/M-DC-2003-WG-PO-BEL-AUT-01_5.json,,,,,,,,,,,,,,,,,,,,,,,,,,,,,,,,,,,,,,,,,,,,,,,,,,,,,,,,,,,,,,,,,,,
2003-M-DC-2003-WG-PO-BLR-GER-01-m595-b545-RR,2003-M-DC-2003-WG-PO-BLR-GER-01,RR,1,,m595,Max Mirnyi,BLR,26.201,b545,Tomas Behrend,GER,28.768,,,57 26 76(6) 62 64,3,2,26,25,1,0,https://www.daviscup.com/cup/livescores/daviscup/M-DC-2003-WG-PO-BLR-GER-01_1.json,,,,,,,,,,,,,,,,,,,,,,,,,,,,,,,,,,,,,,,,,,,,,,,,,,,,,,,,,,,,,,,,,,,
2003-M-DC-2003-WG-PO-BLR-GER-01-m595-s636-RR,2003-M-DC-2003-WG-PO-BLR-GER-01,RR,4,,m595,Max Mirnyi,BLR,26.201,s636,Rainer Schuettler,GER,27.4,,,63 75 63,3,0,19,11,0,0,https://www.daviscup.com/cup/livescores/daviscup/M-DC-2003-WG-PO-BLR-GER-01_4.json,,,,,,,,,,,,,,,,,,,,,,,,,,,,,,,,,,,,,,,,,,,,,,,,,,,,,,,,,,,,,,,,,,,
2003-M-DC-2003-WG-PO-BLR-GER-01-s636-v211-RR,2003-M-DC-2003-WG-PO-BLR-GER-01,RR,2,,s636,Rainer Schuettler,GER,27.4,v211,Vladimir Voltchkov,BLR,25.448,,,63 36 67(3) 64 64,3,2,27,24,0,1,https://www.daviscup.com/cup/livescores/daviscup/M-DC-2003-WG-PO-BLR-GER-01_2.json,,,,,,,,,,,,,,,,,,,,,,,,,,,,,,,,,,,,,,,,,,,,,,,,,,,,,,,,,,,,,,,,,,,
2003-M-DC-2003-WG-PO-CAN-BRA-01-d499-s876-RR,2003-M-DC-2003-WG-PO-CAN-BRA-01,RR,5,,d499,Frank Dancevic,CAN,18.981,s876,Flavio Saretta,BRA,23.225,,,63 75 36 76(7),3,1,23,20,1,0,https://www.daviscup.com/cup/livescores/daviscup/M-DC-2003-WG-PO-CAN-BRA-01_5.json,,,,,,,,,,,,,,,,,,,,,,,,,,,,,,,,,,,,,,,,,,,,,,,,,,,,,,,,,,,,,,,,,,,
2003-M-DC-2003-WG-PO-CAN-BRA-01-k293-l334-RR,2003-M-DC-2003-WG-PO-CAN-BRA-01,RR,4,,k293,Gustavo Kuerten,BRA,27.024,l334,Simon Larose,CAN,25.225,,,76(4) 76(4) 36 76(10),3,1,24,24,3,0,https://www.daviscup.com/cup/livescores/daviscup/M-DC-2003-WG-PO-CAN-BRA-01_4.json,,,,,,,,,,,,,,,,,,,,,,,,,,,,,,,,,,,,,,,,,,,,,,,,,,,,,,,,,,,,,,,,,,,
2003-M-DC-2003-WG-PO-CAN-BRA-01-n210-k293-RR,2003-M-DC-2003-WG-PO-CAN-BRA-01,RR,2,,n210,Daniel Nestor,CAN,31.04,k293,Gustavo Kuerten,BRA,27.024,,,67(7) 76(0) 63 67(7) 75,3,2,32,28,1,2,https://www.daviscup.com/cup/livescores/daviscup/M-DC-2003-WG-PO-CAN-BRA-01_2.json,,,,,,,,,,,,,,,,,,,,,,,,,,,,,,,,,,,,,,,,,,,,,,,,,,,,,,,,,,,,,,,,,,,
2003-M-DC-2003-WG-PO-CAN-BRA-01-s876-n291-RR,2003-M-DC-2003-WG-PO-CAN-BRA-01,RR,1,,s876,Flavio Saretta,BRA,23.225,n291,Frederic Niemeyer,CAN,27.403,,,64 76(5) 67(4) 64,3,1,25,21,1,1,https://www.daviscup.com/cup/livescores/daviscup/M-DC-2003-WG-PO-CAN-BRA-01_1.json,,,,,,,,,,,,,,,,,,,,,,,,,,,,,,,,,,,,,,,,,,,,,,,,,,,,,,,,,,,,,,,,,,,
2003-M-DC-2003-WG-PO-CZE-THA-01-ba47-u043-RR,2003-M-DC-2003-WG-PO-CZE-THA-01,RR,5,,ba47,Tomas Berdych,CZE,18.005,u043,Danai Udomchoke,THA,22.104,,,76(2) 63,2,0,13,9,1,0,https://www.daviscup.com/cup/livescores/daviscup/M-DC-2003-WG-PO-CZE-THA-01_5.json,,,,,,,,,,,,,,,,,,,,,,,,,,,,,,,,,,,,,,,,,,,,,,,,,,,,,,,,,,,,,,,,,,,
2003-M-DC-2003-WG-PO-CZE-THA-01-n254-s675-RR,2003-M-DC-2003-WG-PO-CZE-THA-01,RR,4,,n254,Jiri Novak,CZE,28.491,s675,Paradorn Srichaphan,THA,24.263,,,64 64 64,3,0,18,12,0,0,https://www.daviscup.com/cup/livescores/daviscup/M-DC-2003-WG-PO-CZE-THA-01_4.json,,,,,,,,,,,,,,,,,,,,,,,,,,,,,,,,,,,,,,,,,,,,,,,,,,,,,,,,,,,,,,,,,,,
2003-M-DC-2003-WG-PO-CZE-THA-01-n254-u043-RR,2003-M-DC-2003-WG-PO-CZE-THA-01,RR,1,,n254,Jiri Novak,CZE,28.491,u043,Danai Udomchoke,THA,22.104,,,62 62 76(1),3,0,19,10,1,0,https://www.daviscup.com/cup/livescores/daviscup/M-DC-2003-WG-PO-CZE-THA-01_1.json,,,,,,,,,,,,,,,,,,,,,,,,,,,,,,,,,,,,,,,,,,,,,,,,,,,,,,,,,,,,,,,,,,,
2003-M-DC-2003-WG-PO-CZE-THA-01-s675-u032-RR,2003-M-DC-2003-WG-PO-CZE-THA-01,RR,2,,s675,Paradorn Srichaphan,THA,24.263,u032,Bohdan Ulihrach,CZE,28.572,,,76(2) 62 76(4),3,0,20,14,2,0,https://www.daviscup.com/cup/livescores/daviscup/M-DC-2003-WG-PO-CZE-THA-01_2.json,,,,,,,,,,,,,,,,,,,,,,,,,,,,,,,,,,,,,,,,,,,,,,,,,,,,,,,,,,,,,,,,,,,
2003-M-DC-2003-WG-PO-GBR-MAR-01-a226-h336-RR,2003-M-DC-2003-WG-PO-GBR-MAR-01,RR,1,,a226,Hicham Arazi,MAR,29.916,h336,Tim Henman,GBR,29.034,,,64 64 76(4),3,0,19,14,1,0,https://www.daviscup.com/cup/livescores/daviscup/M-DC-2003-WG-PO-GBR-MAR-01_1.json,,,,,,,,,,,,,,,,,,,,,,,,,,,,,,,,,,,,,,,,,,,,,,,,,,,,,,,,,,,,,,,,,,,
2003-M-DC-2003-WG-PO-GBR-MAR-01-a226-r237-RR,2003-M-DC-2003-WG-PO-GBR-MAR-01,RR,5,,a226,Hicham Arazi,MAR,29.916,r237,Greg Rusedski,GBR,30.034,,,57 75 76(7) 76(5),3,1,26,24,2,0,https://www.daviscup.com/cup/livescores/daviscup/M-DC-2003-WG-PO-GBR-MAR-01_5.json,,,,,,,,,,,,,,,,,,,,,,,,,,,,,,,,,,,,,,,,,,,,,,,,,,,,,,,,,,,,,,,,,,,
2003-M-DC-2003-WG-PO-GBR-MAR-01-e121-r237-RR,2003-M-DC-2003-WG-PO-GBR-MAR-01,RR,2,,e121,Younes El Aynaoui,MAR,32.018,r237,Greg Rusedski,GBR,30.034,,,36 63 64 36 61,3,2,24,20,0,0,https://www.daviscup.com/cup/livescores/daviscup/M-DC-2003-WG-PO-GBR-MAR-01_2.json,,,,,,,,,,,,,,,,,,,,,,,,,,,,,,,,,,,,,,,,,,,,,,,,,,,,,,,,,,,,,,,,,,,
2003-M-DC-2003-WG-PO-GBR-MAR-01-h336-e121-RR,2003-M-DC-2003-WG-PO-GBR-MAR-01,RR,4,,h336,Tim Henman,GBR,29.034,e121,Younes El Aynaoui,MAR,32.018,,,63 67(4) 76(5) 64,3,1,25,20,1,1,https://www.daviscup.com/cup/livescores/daviscup/M-DC-2003-WG-PO-GBR-MAR-01_4.json,,,,,,,,,,,,,,,,,,,,,,,,,,,,,,,,,,,,,,,,,,,,,,,,,,,,,,,,,,,,,,,,,,,
2003-M-DC-2003-WG-PO-IND-NED-01-s572-a487-RR,2003-M-DC-2003-WG-PO-IND-NED-01,RR,2,,s572,Sjeng Schalken,NED,27.029,a487,Prakash Amritraj,IND,19.962,,,63 61 61,3,0,18,5,0,0,https://www.daviscup.com/cup/livescores/daviscup/M-DC-2003-WG-PO-IND-NED-01_2.json,,,,,,,,,,,,,,,,,,,,,,,,,,,,,,,,,,,,,,,,,,,,,,,,,,,,,,,,,,,,,,,,,,,
2003-M-DC-2003-WG-PO-IND-NED-01-s572-m699-RR,2003-M-DC-2003-WG-PO-IND-NED-01,RR,4,,s572,Sjeng Schalken,NED,27.029,m699,Harsh Mankad,IND,23.857,,,63 61,2,0,12,4,0,0,https://www.daviscup.com/cup/livescores/daviscup/M-DC-2003-WG-PO-IND-NED-01_4.json,,,,,,,,,,,,,,,,,,,,,,,,,,,,,,,,,,,,,,,,,,,,,,,,,,,,,,,,,,,,,,,,,,,
2003-M-DC-2003-WG-PO-IND-NED-01-s693-a487-RR,2003-M-DC-2003-WG-PO-IND-NED-01,RR,5,,s693,Raemon Sluiter,NED,25.432,a487,Prakash Amritraj,IND,19.962,,,61 63,2,0,12,4,0,0,https://www.daviscup.com/cup/livescores/daviscup/M-DC-2003-WG-PO-IND-NED-01_5.json,,,,,,,,,,,,,,,,,,,,,,,,,,,,,,,,,,,,,,,,,,,,,,,,,,,,,,,,,,,,,,,,,,,
2003-M-DC-2003-WG-PO-IND-NED-01-v232-b757-RR,2003-M-DC-2003-WG-PO-IND-NED-01,RR,1,,v232,Martin Verkerk,NED,24.884,b757,Rohan Bopanna,IND,23.54,,,57 63 57 76(7) 1210,3,2,35,33,1,0,https://www.daviscup.com/cup/livescores/daviscup/M-DC-2003-WG-PO-IND-NED-01_1.json,,,,,,,,,,,,,,,,,,,,,,,,,,,,,,,,,,,,,,,,,,,,,,,,,,,,,,,,,,,,,,,,,,,
2003-M-DC-2003-WG-PO-ROU-ECU-01-h528-l430-RR,2003-M-DC-2003-WG-PO-ROU-ECU-01,RR,1,,h528,Victor Hanescu,ROU,22.161,l430,Giovanni Lapentti,ECU,20.65,,,76(3) 67(5) 76(5) 67(1) 64,3,2,32,30,2,2,https://www.daviscup.com/cup/livescores/daviscup/M-DC-2003-WG-PO-ROU-ECU-01_1.json,,,,,,,,,,,,,,,,,,,,,,,,,,,,,,,,,,,,,,,,,,,,,,,,,,,,,,,,,,,,,,,,,,,
2003-M-DC-2003-WG-PO-ROU-ECU-01-l290-h528-RR,2003-M-DC-2003-WG-PO-ROU-ECU-01,RR,4,,l290,Nicolas Lapentti,ECU,27.099,h528,Victor Hanescu,ROU,22.161,,,64 67(4) 67(5) 76(13) 63,3,2,31,27,1,2,https://www.daviscup.com/cup/livescores/daviscup/M-DC-2003-WG-PO-ROU-ECU-01_4.json,,,,,,,,,,,,,,,,,,,,,,,,,,,,,,,,,,,,,,,,,,,,,,,,,,,,,,,,,,,,,,,,,,,
2003-M-DC-2003-WG-PO-ROU-ECU-01-l290-s535-RR,2003-M-DC-2003-WG-PO-ROU-ECU-01,RR,2,,l290,Nicolas Lapentti,ECU,27.099,s535,Razvan Sabau,ROU,26.252,,,62 64 36 46 63,3,2,25,21,0,0,https://www.daviscup.com/cup/livescores/daviscup/M-DC-2003-WG-PO-ROU-ECU-01_2.json,,,,,,,,,,,,,,,,,,,,,,,,,,,,,,,,,,,,,,,,,,,,,,,,,,,,,,,,,,,,,,,,,,,
2003-M-DC-2003-WG-PO-ROU-ECU-01-s535-l430-RR,2003-M-DC-2003-WG-PO-ROU-ECU-01,RR,5,,s535,Razvan Sabau,ROU,26.252,l430,Giovanni Lapentti,ECU,20.65,,,64 36 64 57 75,3,2,27,26,0,0,https://www.daviscup.com/cup/livescores/daviscup/M-DC-2003-WG-PO-ROU-ECU-01_5.json,,,,,,,,,,,,,,,,,,,,,,,,,,,,,,,,,,,,,,,,,,,,,,,,,,,,,,,,,,,,,,,,,,,
2003-M-DC-2003-WG-PO-SVK-USA-01-f339-k237-RR,2003-M-DC-2003-WG-PO-SVK-USA-01,RR,2,,f339,Mardy Fish,USA,21.776,k237,Karol Kucera,SVK,29.54,,,46 75 75 61,3,1,24,17,0,0,https://www.daviscup.com/cup/livescores/daviscup/M-DC-2003-WG-PO-SVK-USA-01_2.json,,,,,,,,,,,,,,,,,,,,,,,,,,,,,,,,,,,,,,,,,,,,,,,,,,,,,,,,,,,,,,,,,,,
2003-M-DC-2003-WG-PO-SVK-USA-01-h377-r485-RR,2003-M-DC-2003-WG-PO-SVK-USA-01,RR,1,,h377,Dominik Hrbaty,SVK,25.706,r485,Andy Roddick,USA,21.053,,,36 63 64 64,3,1,21,17,0,0,https://www.daviscup.com/cup/livescores/daviscup/M-DC-2003-WG-PO-SVK-USA-01_1.json,,,,,,,,,,,,,,,,,,,,,,,,,,,,,,,,,,,,,,,,,,,,,,,,,,,,,,,,,,,,,,,,,,,
2003-M-DC-2003-WG-PO-SVK-USA-01-m776-f339-RR,2003-M-DC-2003-WG-PO-SVK-USA-01,RR,5,,m776,Michal Mertinak,SVK,23.938,f339,Mardy Fish,USA,21.776,,,36 63 64,2,1,15,13,0,0,https://www.daviscup.com/cup/livescores/daviscup/M-DC-2003-WG-PO-SVK-USA-01_5.json,,,,,,,,,,,,,,,,,,,,,,,,,,,,,,,,,,,,,,,,,,,,,,,,,,,,,,,,,,,,,,,,,,,
2003-M-DC-2003-WG-PO-SVK-USA-01-r485-b804-RR,2003-M-DC-2003-WG-PO-SVK-USA-01,RR,4,,r485,Andy Roddick,USA,21.053,b804,Karol Beck,SVK,21.459,,,63 64 64,3,0,18,11,0,0,https://www.daviscup.com/cup/livescores/daviscup/M-DC-2003-WG-PO-SVK-USA-01_4.json,,,,,,,,,,,,,,,,,,,,,,,,,,,,,,,,,,,,,,,,,,,,,,,,,,,,,,,,,,,,,,,,,,,
2003-M-DC-2003-WG-M-AUS-ESP-01-h432-f316-RR,2003-M-DC-2003-WG-M-AUS-ESP-01,RR,1,,h432,Lleyton Hewitt,AUS,22.76,f316,Juan Carlos Ferrero,ESP,23.793,,,36 63 36 76(0) 62,3,2,25,23,1,0,https://www.daviscup.com/cup/livescores/daviscup/M-DC-2003-WG-M-AUS-ESP-01_1.json,,,,,,,,,,,,,,,,,,,,,,,,,,,,,,,,,,,,,,,,,,,,,,,,,,,,,,,,,,,,,,,,,,,
2003-M-DC-2003-WG-M-AUS-ESP-01-m605-p338-RR,2003-M-DC-2003-WG-M-AUS-ESP-01,RR,2,,m605,Carlos Moya,ESP,27.252,p338,Mark Philippoussis,AUS,27.056,,,64 64 46 76(4),3,1,23,20,1,0,https://www.daviscup.com/cup/livescores/daviscup/M-DC-2003-WG-M-AUS-ESP-01_2.json,,,,,,,,,,,,,,,,,,,,,,,,,,,,,,,,,,,,,,,,,,,,,,,,,,,,,,,,,,,,,,,,,,,
2003-M-DC-2003-WG-M-AUS-ESP-01-p338-f316-RR,2003-M-DC-2003-WG-M-AUS-ESP-01,RR,4,,p338,Mark Philippoussis,AUS,27.056,f316,Juan Carlos Ferrero,ESP,23.793,,,75 63 16 26 60,3,2,22,20,0,0,https://www.daviscup.com/cup/livescores/daviscup/M-DC-2003-WG-M-AUS-ESP-01_4.json,,,,,,,,,,,,,,,,,,,,,,,,,,,,,,,,,,,,,,,,,,,,,,,,,,,,,,,,,,,,,,,,,,,
